
# smartctl -r ioctl,2 -H -d cciss,0 /dev/sg1
smartctl 7.0 2018-12-30 r4883 [x86_64-linux-3.10.0-1160.71.1.el7.x86_64] (local build)
Copyright (C) 2002-18, Bruce Allen, Christian Franke, www.smartmontools.org


===== [LUN DATA] DATA START (BASE-16) =====
000-015: 00 00 00 28 00 00 00 00 00 00 00 c0 00 00 00 01
016-031: 00 00 00 c0 00 00 01 01 00 00 00 c0 00 00 02 01
032-047: 00 00 00 c0 00 00 03 01 00 00 00 c0 00 00 7c 02
048-063: 00 00 00 00 00 00 00 00 00 00 00 00 00 00 00 00
064-079: 00 00 00 00 00 00 00 00 00 00 00 00 00 00 00 00
080-095: 00 00 00 00 00 00 00 00 00 00 00 00 00 00 00 00
096-111: 00 00 00 00 00 00 00 00 00 00 00 00 00 00 00 00
112-127: 00 00 00 00 00 00 00 00 00 00 00 00 00 00 00 00
128-143: 00 00 00 00 00 00 00 00 00 00 00 00 00 00 00 00
144-159: 00 00 00 00 00 00 00 00 00 00 00 00 00 00 00 00
160-175: 00 00 00 00 00 00 00 00 00 00 00 00 00 00 00 00
176-191: 00 00 00 00 00 00 00 00 00 00 00 00 00 00 00 00
192-207: 00 00 00 00 00 00 00 00 00 00 00 00 00 00 00 00
208-223: 00 00 00 00 00 00 00 00 00 00 00 00 00 00 00 00
224-239: 00 00 00 00 00 00 00 00 00 00 00 00 00 00 00 00
240-255: 00 00 00 00 00 00 00 00 00 00 00 00 00 00 00 00
256-271: 00 00 00 00 00 00 00 00 00 00 00 00 00 00 00 00
272-287: 00 00 00 00 00 00 00 00 00 00 00 00 00 00 00 00
288-303: 00 00 00 00 00 00 00 00 00 00 00 00 00 00 00 00
304-319: 00 00 00 00 00 00 00 00 00 00 00 00 00 00 00 00
320-335: 00 00 00 00 00 00 00 00 00 00 00 00 00 00 00 00
336-351: 00 00 00 00 00 00 00 00 00 00 00 00 00 00 00 00
352-367: 00 00 00 00 00 00 00 00 00 00 00 00 00 00 00 00
368-383: 00 00 00 00 00 00 00 00 00 00 00 00 00 00 00 00
384-399: 00 00 00 00 00 00 00 00 00 00 00 00 00 00 00 00
400-415: 00 00 00 00 00 00 00 00 00 00 00 00 00 00 00 00
416-431: 00 00 00 00 00 00 00 00 00 00 00 00 00 00 00 00
432-447: 00 00 00 00 00 00 00 00 00 00 00 00 00 00 00 00
448-463: 00 00 00 00 00 00 00 00 00 00 00 00 00 00 00 00
464-479: 00 00 00 00 00 00 00 00 00 00 00 00 00 00 00 00
480-495: 00 00 00 00 00 00 00 00 00 00 00 00 00 00 00 00
496-511: 00 00 00 00 00 00 00 00 00 00 00 00 00 00 00 00
512-527: 00 00 00 00 00 00 00 00 00 00 00 00 00 00 00 00
528-543: 00 00 00 00 00 00 00 00 00 00 00 00 00 00 00 00
544-559: 00 00 00 00 00 00 00 00 00 00 00 00 00 00 00 00
560-575: 00 00 00 00 00 00 00 00 00 00 00 00 00 00 00 00
576-591: 00 00 00 00 00 00 00 00 00 00 00 00 00 00 00 00
592-607: 00 00 00 00 00 00 00 00 00 00 00 00 00 00 00 00
608-623: 00 00 00 00 00 00 00 00 00 00 00 00 00 00 00 00
624-639: 00 00 00 00 00 00 00 00 00 00 00 00 00 00 00 00
640-655: 00 00 00 00 00 00 00 00 00 00 00 00 00 00 00 00
656-671: 00 00 00 00 00 00 00 00 00 00 00 00 00 00 00 00
672-687: 00 00 00 00 00 00 00 00 00 00 00 00 00 00 00 00
688-703: 00 00 00 00 00 00 00 00 00 00 00 00 00 00 00 00
704-719: 00 00 00 00 00 00 00 00 00 00 00 00 00 00 00 00
720-735: 00 00 00 00 00 00 00 00 00 00 00 00 00 00 00 00
736-751: 00 00 00 00 00 00 00 00 00 00 00 00 00 00 00 00
752-767: 00 00 00 00 00 00 00 00 00 00 00 00 00 00 00 00
768-783: 00 00 00 00 00 00 00 00 00 00 00 00 00 00 00 00
784-799: 00 00 00 00 00 00 00 00 00 00 00 00 00 00 00 00
800-815: 00 00 00 00 00 00 00 00 00 00 00 00 00 00 00 00
816-831: 00 00 00 00 00 00 00 00 00 00 00 00 00 00 00 00
832-847: 00 00 00 00 00 00 00 00 00 00 00 00 00 00 00 00
848-863: 00 00 00 00 00 00 00 00 00 00 00 00 00 00 00 00
864-879: 00 00 00 00 00 00 00 00 00 00 00 00 00 00 00 00
880-895: 00 00 00 00 00 00 00 00 00 00 00 00 00 00 00 00
896-911: 00 00 00 00 00 00 00 00 00 00 00 00 00 00 00 00
912-927: 00 00 00 00 00 00 00 00 00 00 00 00 00 00 00 00
928-943: 00 00 00 00 00 00 00 00 00 00 00 00 00 00 00 00
944-959: 00 00 00 00 00 00 00 00 00 00 00 00 00 00 00 00
960-975: 00 00 00 00 00 00 00 00 00 00 00 00 00 00 00 00
976-991: 00 00 00 00 00 00 00 00 00 00 00 00 00 00 00 00
992-1007: 00 00 00 00 00 00 00 00 00 00 00 00 00 00 00 00
1008-1023: 00 00 00 00 00 00 00 00 00 00 00 00 00 00 00 00
1024-1039: 00 00 00 00 00 00 00 00 00 00 00 00 00 00 00 00
1040-1055: 00 00 00 00 00 00 00 00 00 00 00 00 00 00 00 00
1056-1071: 00 00 00 00 00 00 00 00 00 00 00 00 00 00 00 00
1072-1087: 00 00 00 00 00 00 00 00 00 00 00 00 00 00 00 00
1088-1103: 00 00 00 00 00 00 00 00 00 00 00 00 00 00 00 00
1104-1119: 00 00 00 00 00 00 00 00 00 00 00 00 00 00 00 00
1120-1135: 00 00 00 00 00 00 00 00 00 00 00 00 00 00 00 00
1136-1151: 00 00 00 00 00 00 00 00 00 00 00 00 00 00 00 00
1152-1167: 00 00 00 00 00 00 00 00 00 00 00 00 00 00 00 00
1168-1183: 00 00 00 00 00 00 00 00 00 00 00 00 00 00 00 00
1184-1199: 00 00 00 00 00 00 00 00 00 00 00 00 00 00 00 00
1200-1215: 00 00 00 00 00 00 00 00 00 00 00 00 00 00 00 00
1216-1231: 00 00 00 00 00 00 00 00 00 00 00 00 00 00 00 00
1232-1247: 00 00 00 00 00 00 00 00 00 00 00 00 00 00 00 00
1248-1263: 00 00 00 00 00 00 00 00 00 00 00 00 00 00 00 00
1264-1279: 00 00 00 00 00 00 00 00 00 00 00 00 00 00 00 00
1280-1295: 00 00 00 00 00 00 00 00 00 00 00 00 00 00 00 00
1296-1311: 00 00 00 00 00 00 00 00 00 00 00 00 00 00 00 00
1312-1327: 00 00 00 00 00 00 00 00 00 00 00 00 00 00 00 00
1328-1343: 00 00 00 00 00 00 00 00 00 00 00 00 00 00 00 00
1344-1359: 00 00 00 00 00 00 00 00 00 00 00 00 00 00 00 00
1360-1375: 00 00 00 00 00 00 00 00 00 00 00 00 00 00 00 00
1376-1391: 00 00 00 00 00 00 00 00 00 00 00 00 00 00 00 00
1392-1407: 00 00 00 00 00 00 00 00 00 00 00 00 00 00 00 00
1408-1423: 00 00 00 00 00 00 00 00 00 00 00 00 00 00 00 00
1424-1439: 00 00 00 00 00 00 00 00 00 00 00 00 00 00 00 00
1440-1455: 00 00 00 00 00 00 00 00 00 00 00 00 00 00 00 00
1456-1471: 00 00 00 00 00 00 00 00 00 00 00 00 00 00 00 00
1472-1487: 00 00 00 00 00 00 00 00 00 00 00 00 00 00 00 00
1488-1503: 00 00 00 00 00 00 00 00 00 00 00 00 00 00 00 00
1504-1519: 00 00 00 00 00 00 00 00 00 00 00 00 00 00 00 00
1520-1535: 00 00 00 00 00 00 00 00 00 00 00 00 00 00 00 00
1536-1551: 00 00 00 00 00 00 00 00 00 00 00 00 00 00 00 00
1552-1567: 00 00 00 00 00 00 00 00 00 00 00 00 00 00 00 00
1568-1583: 00 00 00 00 00 00 00 00 00 00 00 00 00 00 00 00
1584-1599: 00 00 00 00 00 00 00 00 00 00 00 00 00 00 00 00
1600-1615: 00 00 00 00 00 00 00 00 00 00 00 00 00 00 00 00
1616-1631: 00 00 00 00 00 00 00 00 00 00 00 00 00 00 00 00
1632-1647: 00 00 00 00 00 00 00 00 00 00 00 00 00 00 00 00
1648-1663: 00 00 00 00 00 00 00 00 00 00 00 00 00 00 00 00
1664-1679: 00 00 00 00 00 00 00 00 00 00 00 00 00 00 00 00
1680-1695: 00 00 00 00 00 00 00 00 00 00 00 00 00 00 00 00
1696-1711: 00 00 00 00 00 00 00 00 00 00 00 00 00 00 00 00
1712-1727: 00 00 00 00 00 00 00 00 00 00 00 00 00 00 00 00
1728-1743: 00 00 00 00 00 00 00 00 00 00 00 00 00 00 00 00
1744-1759: 00 00 00 00 00 00 00 00 00 00 00 00 00 00 00 00
1760-1775: 00 00 00 00 00 00 00 00 00 00 00 00 00 00 00 00
1776-1791: 00 00 00 00 00 00 00 00 00 00 00 00 00 00 00 00
1792-1807: 00 00 00 00 00 00 00 00 00 00 00 00 00 00 00 00
1808-1823: 00 00 00 00 00 00 00 00 00 00 00 00 00 00 00 00
1824-1839: 00 00 00 00 00 00 00 00 00 00 00 00 00 00 00 00
1840-1855: 00 00 00 00 00 00 00 00 00 00 00 00 00 00 00 00
1856-1871: 00 00 00 00 00 00 00 00 00 00 00 00 00 00 00 00
1872-1887: 00 00 00 00 00 00 00 00 00 00 00 00 00 00 00 00
1888-1903: 00 00 00 00 00 00 00 00 00 00 00 00 00 00 00 00
1904-1919: 00 00 00 00 00 00 00 00 00 00 00 00 00 00 00 00
1920-1935: 00 00 00 00 00 00 00 00 00 00 00 00 00 00 00 00
1936-1951: 00 00 00 00 00 00 00 00 00 00 00 00 00 00 00 00
1952-1967: 00 00 00 00 00 00 00 00 00 00 00 00 00 00 00 00
1968-1983: 00 00 00 00 00 00 00 00 00 00 00 00 00 00 00 00
1984-1999: 00 00 00 00 00 00 00 00 00 00 00 00 00 00 00 00
2000-2015: 00 00 00 00 00 00 00 00 00 00 00 00 00 00 00 00
2016-2031: 00 00 00 00 00 00 00 00 00 00 00 00 00 00 00 00
2032-2047: 00 00 00 00 00 00 00 00 00 00 00 00 00 00 00 00
2048-2063: 00 00 00 00 00 00 00 00 00 00 00 00 00 00 00 00
2064-2079: 00 00 00 00 00 00 00 00 00 00 00 00 00 00 00 00
2080-2095: 00 00 00 00 00 00 00 00 00 00 00 00 00 00 00 00
2096-2111: 00 00 00 00 00 00 00 00 00 00 00 00 00 00 00 00
2112-2127: 00 00 00 00 00 00 00 00 00 00 00 00 00 00 00 00
2128-2143: 00 00 00 00 00 00 00 00 00 00 00 00 00 00 00 00
2144-2159: 00 00 00 00 00 00 00 00 00 00 00 00 00 00 00 00
2160-2175: 00 00 00 00 00 00 00 00 00 00 00 00 00 00 00 00
2176-2191: 00 00 00 00 00 00 00 00 00 00 00 00 00 00 00 00
2192-2207: 00 00 00 00 00 00 00 00 00 00 00 00 00 00 00 00
2208-2223: 00 00 00 00 00 00 00 00 00 00 00 00 00 00 00 00
2224-2239: 00 00 00 00 00 00 00 00 00 00 00 00 00 00 00 00
2240-2255: 00 00 00 00 00 00 00 00 00 00 00 00 00 00 00 00
2256-2271: 00 00 00 00 00 00 00 00 00 00 00 00 00 00 00 00
2272-2287: 00 00 00 00 00 00 00 00 00 00 00 00 00 00 00 00
2288-2303: 00 00 00 00 00 00 00 00 00 00 00 00 00 00 00 00
2304-2319: 00 00 00 00 00 00 00 00 00 00 00 00 00 00 00 00
2320-2335: 00 00 00 00 00 00 00 00 00 00 00 00 00 00 00 00
2336-2351: 00 00 00 00 00 00 00 00 00 00 00 00 00 00 00 00
2352-2367: 00 00 00 00 00 00 00 00 00 00 00 00 00 00 00 00
2368-2383: 00 00 00 00 00 00 00 00 00 00 00 00 00 00 00 00
2384-2399: 00 00 00 00 00 00 00 00 00 00 00 00 00 00 00 00
2400-2415: 00 00 00 00 00 00 00 00 00 00 00 00 00 00 00 00
2416-2431: 00 00 00 00 00 00 00 00 00 00 00 00 00 00 00 00
2432-2447: 00 00 00 00 00 00 00 00 00 00 00 00 00 00 00 00
2448-2463: 00 00 00 00 00 00 00 00 00 00 00 00 00 00 00 00
2464-2479: 00 00 00 00 00 00 00 00 00 00 00 00 00 00 00 00
2480-2495: 00 00 00 00 00 00 00 00 00 00 00 00 00 00 00 00
2496-2511: 00 00 00 00 00 00 00 00 00 00 00 00 00 00 00 00
2512-2527: 00 00 00 00 00 00 00 00 00 00 00 00 00 00 00 00
2528-2543: 00 00 00 00 00 00 00 00 00 00 00 00 00 00 00 00
2544-2559: 00 00 00 00 00 00 00 00 00 00 00 00 00 00 00 00
2560-2575: 00 00 00 00 00 00 00 00 00 00 00 00 00 00 00 00
2576-2591: 00 00 00 00 00 00 00 00 00 00 00 00 00 00 00 00
2592-2607: 00 00 00 00 00 00 00 00 00 00 00 00 00 00 00 00
2608-2623: 00 00 00 00 00 00 00 00 00 00 00 00 00 00 00 00
2624-2639: 00 00 00 00 00 00 00 00 00 00 00 00 00 00 00 00
2640-2655: 00 00 00 00 00 00 00 00 00 00 00 00 00 00 00 00
2656-2671: 00 00 00 00 00 00 00 00 00 00 00 00 00 00 00 00
2672-2687: 00 00 00 00 00 00 00 00 00 00 00 00 00 00 00 00
2688-2703: 00 00 00 00 00 00 00 00 00 00 00 00 00 00 00 00
2704-2719: 00 00 00 00 00 00 00 00 00 00 00 00 00 00 00 00
2720-2735: 00 00 00 00 00 00 00 00 00 00 00 00 00 00 00 00
2736-2751: 00 00 00 00 00 00 00 00 00 00 00 00 00 00 00 00
2752-2767: 00 00 00 00 00 00 00 00 00 00 00 00 00 00 00 00
2768-2783: 00 00 00 00 00 00 00 00 00 00 00 00 00 00 00 00
2784-2799: 00 00 00 00 00 00 00 00 00 00 00 00 00 00 00 00
2800-2815: 00 00 00 00 00 00 00 00 00 00 00 00 00 00 00 00
2816-2831: 00 00 00 00 00 00 00 00 00 00 00 00 00 00 00 00
2832-2847: 00 00 00 00 00 00 00 00 00 00 00 00 00 00 00 00
2848-2863: 00 00 00 00 00 00 00 00 00 00 00 00 00 00 00 00
2864-2879: 00 00 00 00 00 00 00 00 00 00 00 00 00 00 00 00
2880-2895: 00 00 00 00 00 00 00 00 00 00 00 00 00 00 00 00
2896-2911: 00 00 00 00 00 00 00 00 00 00 00 00 00 00 00 00
2912-2927: 00 00 00 00 00 00 00 00 00 00 00 00 00 00 00 00
2928-2943: 00 00 00 00 00 00 00 00 00 00 00 00 00 00 00 00
2944-2959: 00 00 00 00 00 00 00 00 00 00 00 00 00 00 00 00
2960-2975: 00 00 00 00 00 00 00 00 00 00 00 00 00 00 00 00
2976-2991: 00 00 00 00 00 00 00 00 00 00 00 00 00 00 00 00
2992-3007: 00 00 00 00 00 00 00 00 00 00 00 00 00 00 00 00
3008-3023: 00 00 00 00 00 00 00 00 00 00 00 00 00 00 00 00
3024-3039: 00 00 00 00 00 00 00 00 00 00 00 00 00 00 00 00
3040-3055: 00 00 00 00 00 00 00 00 00 00 00 00 00 00 00 00
3056-3071: 00 00 00 00 00 00 00 00 00 00 00 00 00 00 00 00
3072-3087: 00 00 00 00 00 00 00 00 00 00 00 00 00 00 00 00
3088-3103: 00 00 00 00 00 00 00 00 00 00 00 00 00 00 00 00
3104-3119: 00 00 00 00 00 00 00 00 00 00 00 00 00 00 00 00
3120-3135: 00 00 00 00 00 00 00 00 00 00 00 00 00 00 00 00
3136-3151: 00 00 00 00 00 00 00 00 00 00 00 00 00 00 00 00
3152-3167: 00 00 00 00 00 00 00 00 00 00 00 00 00 00 00 00
3168-3183: 00 00 00 00 00 00 00 00 00 00 00 00 00 00 00 00
3184-3199: 00 00 00 00 00 00 00 00 00 00 00 00 00 00 00 00
3200-3215: 00 00 00 00 00 00 00 00 00 00 00 00 00 00 00 00
3216-3231: 00 00 00 00 00 00 00 00 00 00 00 00 00 00 00 00
3232-3247: 00 00 00 00 00 00 00 00 00 00 00 00 00 00 00 00
3248-3263: 00 00 00 00 00 00 00 00 00 00 00 00 00 00 00 00
3264-3279: 00 00 00 00 00 00 00 00 00 00 00 00 00 00 00 00
3280-3295: 00 00 00 00 00 00 00 00 00 00 00 00 00 00 00 00
3296-3311: 00 00 00 00 00 00 00 00 00 00 00 00 00 00 00 00
3312-3327: 00 00 00 00 00 00 00 00 00 00 00 00 00 00 00 00
3328-3343: 00 00 00 00 00 00 00 00 00 00 00 00 00 00 00 00
3344-3359: 00 00 00 00 00 00 00 00 00 00 00 00 00 00 00 00
3360-3375: 00 00 00 00 00 00 00 00 00 00 00 00 00 00 00 00
3376-3391: 00 00 00 00 00 00 00 00 00 00 00 00 00 00 00 00
3392-3407: 00 00 00 00 00 00 00 00 00 00 00 00 00 00 00 00
3408-3423: 00 00 00 00 00 00 00 00 00 00 00 00 00 00 00 00
3424-3439: 00 00 00 00 00 00 00 00 00 00 00 00 00 00 00 00
3440-3455: 00 00 00 00 00 00 00 00 00 00 00 00 00 00 00 00
3456-3471: 00 00 00 00 00 00 00 00 00 00 00 00 00 00 00 00
3472-3487: 00 00 00 00 00 00 00 00 00 00 00 00 00 00 00 00
3488-3503: 00 00 00 00 00 00 00 00 00 00 00 00 00 00 00 00
3504-3519: 00 00 00 00 00 00 00 00 00 00 00 00 00 00 00 00
3520-3535: 00 00 00 00 00 00 00 00 00 00 00 00 00 00 00 00
3536-3551: 00 00 00 00 00 00 00 00 00 00 00 00 00 00 00 00
3552-3567: 00 00 00 00 00 00 00 00 00 00 00 00 00 00 00 00
3568-3583: 00 00 00 00 00 00 00 00 00 00 00 00 00 00 00 00
3584-3599: 00 00 00 00 00 00 00 00 00 00 00 00 00 00 00 00
3600-3615: 00 00 00 00 00 00 00 00 00 00 00 00 00 00 00 00
3616-3631: 00 00 00 00 00 00 00 00 00 00 00 00 00 00 00 00
3632-3647: 00 00 00 00 00 00 00 00 00 00 00 00 00 00 00 00
3648-3663: 00 00 00 00 00 00 00 00 00 00 00 00 00 00 00 00
3664-3679: 00 00 00 00 00 00 00 00 00 00 00 00 00 00 00 00
3680-3695: 00 00 00 00 00 00 00 00 00 00 00 00 00 00 00 00
3696-3711: 00 00 00 00 00 00 00 00 00 00 00 00 00 00 00 00
3712-3727: 00 00 00 00 00 00 00 00 00 00 00 00 00 00 00 00
3728-3743: 00 00 00 00 00 00 00 00 00 00 00 00 00 00 00 00
3744-3759: 00 00 00 00 00 00 00 00 00 00 00 00 00 00 00 00
3760-3775: 00 00 00 00 00 00 00 00 00 00 00 00 00 00 00 00
3776-3791: 00 00 00 00 00 00 00 00 00 00 00 00 00 00 00 00
3792-3807: 00 00 00 00 00 00 00 00 00 00 00 00 00 00 00 00
3808-3823: 00 00 00 00 00 00 00 00 00 00 00 00 00 00 00 00
3824-3839: 00 00 00 00 00 00 00 00 00 00 00 00 00 00 00 00
3840-3855: 00 00 00 00 00 00 00 00 00 00 00 00 00 00 00 00
3856-3871: 00 00 00 00 00 00 00 00 00 00 00 00 00 00 00 00
3872-3887: 00 00 00 00 00 00 00 00 00 00 00 00 00 00 00 00
3888-3903: 00 00 00 00 00 00 00 00 00 00 00 00 00 00 00 00
3904-3919: 00 00 00 00 00 00 00 00 00 00 00 00 00 00 00 00
3920-3935: 00 00 00 00 00 00 00 00 00 00 00 00 00 00 00 00
3936-3951: 00 00 00 00 00 00 00 00 00 00 00 00 00 00 00 00
3952-3967: 00 00 00 00 00 00 00 00 00 00 00 00 00 00 00 00
3968-3983: 00 00 00 00 00 00 00 00 00 00 00 00 00 00 00 00
3984-3999: 00 00 00 00 00 00 00 00 00 00 00 00 00 00 00 00
4000-4015: 00 00 00 00 00 00 00 00 00 00 00 00 00 00 00 00
4016-4031: 00 00 00 00 00 00 00 00 00 00 00 00 00 00 00 00
4032-4047: 00 00 00 00 00 00 00 00 00 00 00 00 00 00 00 00
4048-4063: 00 00 00 00 00 00 00 00 00 00 00 00 00 00 00 00
4064-4079: 00 00 00 00 00 00 00 00 00 00 00 00 00 00 00 00
4080-4095: 00 00 00 00 00 00 00 00 00 00 00 00 00 00 00 00
4096-4111: 00 00 00 00 00 00 00 00 00 00 00 00 00 00 00 00
4112-4127: 00 00 00 00 00 00 00 00 00 00 00 00 00 00 00 00
4128-4143: 00 00 00 00 00 00 00 00 00 00 00 00 00 00 00 00
4144-4159: 00 00 00 00 00 00 00 00 00 00 00 00 00 00 00 00
4160-4175: 00 00 00 00 00 00 00 00 00 00 00 00 00 00 00 00
4176-4191: 00 00 00 00 00 00 00 00 00 00 00 00 00 00 00 00
4192-4207: 00 00 00 00 00 00 00 00 00 00 00 00 00 00 00 00
4208-4223: 00 00 00 00 00 00 00 00 00 00 00 00 00 00 00 00
4224-4239: 00 00 00 00 00 00 00 00 00 00 00 00 00 00 00 00
4240-4255: 00 00 00 00 00 00 00 00 00 00 00 00 00 00 00 00
4256-4271: 00 00 00 00 00 00 00 00 00 00 00 00 00 00 00 00
4272-4287: 00 00 00 00 00 00 00 00 00 00 00 00 00 00 00 00
4288-4303: 00 00 00 00 00 00 00 00 00 00 00 00 00 00 00 00
4304-4319: 00 00 00 00 00 00 00 00 00 00 00 00 00 00 00 00
4320-4335: 00 00 00 00 00 00 00 00 00 00 00 00 00 00 00 00
4336-4351: 00 00 00 00 00 00 00 00 00 00 00 00 00 00 00 00
4352-4367: 00 00 00 00 00 00 00 00 00 00 00 00 00 00 00 00
4368-4383: 00 00 00 00 00 00 00 00 00 00 00 00 00 00 00 00
4384-4399: 00 00 00 00 00 00 00 00 00 00 00 00 00 00 00 00
4400-4415: 00 00 00 00 00 00 00 00 00 00 00 00 00 00 00 00
4416-4431: 00 00 00 00 00 00 00 00 00 00 00 00 00 00 00 00
4432-4447: 00 00 00 00 00 00 00 00 00 00 00 00 00 00 00 00
4448-4463: 00 00 00 00 00 00 00 00 00 00 00 00 00 00 00 00
4464-4479: 00 00 00 00 00 00 00 00 00 00 00 00 00 00 00 00
4480-4495: 00 00 00 00 00 00 00 00 00 00 00 00 00 00 00 00
4496-4511: 00 00 00 00 00 00 00 00 00 00 00 00 00 00 00 00
4512-4527: 00 00 00 00 00 00 00 00 00 00 00 00 00 00 00 00
4528-4543: 00 00 00 00 00 00 00 00 00 00 00 00 00 00 00 00
4544-4559: 00 00 00 00 00 00 00 00 00 00 00 00 00 00 00 00
4560-4575: 00 00 00 00 00 00 00 00 00 00 00 00 00 00 00 00
4576-4591: 00 00 00 00 00 00 00 00 00 00 00 00 00 00 00 00
4592-4607: 00 00 00 00 00 00 00 00 00 00 00 00 00 00 00 00
4608-4623: 00 00 00 00 00 00 00 00 00 00 00 00 00 00 00 00
4624-4639: 00 00 00 00 00 00 00 00 00 00 00 00 00 00 00 00
4640-4655: 00 00 00 00 00 00 00 00 00 00 00 00 00 00 00 00
4656-4671: 00 00 00 00 00 00 00 00 00 00 00 00 00 00 00 00
4672-4687: 00 00 00 00 00 00 00 00 00 00 00 00 00 00 00 00
4688-4703: 00 00 00 00 00 00 00 00 00 00 00 00 00 00 00 00
4704-4719: 00 00 00 00 00 00 00 00 00 00 00 00 00 00 00 00
4720-4735: 00 00 00 00 00 00 00 00 00 00 00 00 00 00 00 00
4736-4751: 00 00 00 00 00 00 00 00 00 00 00 00 00 00 00 00
4752-4767: 00 00 00 00 00 00 00 00 00 00 00 00 00 00 00 00
4768-4783: 00 00 00 00 00 00 00 00 00 00 00 00 00 00 00 00
4784-4799: 00 00 00 00 00 00 00 00 00 00 00 00 00 00 00 00
4800-4815: 00 00 00 00 00 00 00 00 00 00 00 00 00 00 00 00
4816-4831: 00 00 00 00 00 00 00 00 00 00 00 00 00 00 00 00
4832-4847: 00 00 00 00 00 00 00 00 00 00 00 00 00 00 00 00
4848-4863: 00 00 00 00 00 00 00 00 00 00 00 00 00 00 00 00
4864-4879: 00 00 00 00 00 00 00 00 00 00 00 00 00 00 00 00
4880-4895: 00 00 00 00 00 00 00 00 00 00 00 00 00 00 00 00
4896-4911: 00 00 00 00 00 00 00 00 00 00 00 00 00 00 00 00
4912-4927: 00 00 00 00 00 00 00 00 00 00 00 00 00 00 00 00
4928-4943: 00 00 00 00 00 00 00 00 00 00 00 00 00 00 00 00
4944-4959: 00 00 00 00 00 00 00 00 00 00 00 00 00 00 00 00
4960-4975: 00 00 00 00 00 00 00 00 00 00 00 00 00 00 00 00
4976-4991: 00 00 00 00 00 00 00 00 00 00 00 00 00 00 00 00
4992-5007: 00 00 00 00 00 00 00 00 00 00 00 00 00 00 00 00
5008-5023: 00 00 00 00 00 00 00 00 00 00 00 00 00 00 00 00
5024-5039: 00 00 00 00 00 00 00 00 00 00 00 00 00 00 00 00
5040-5055: 00 00 00 00 00 00 00 00 00 00 00 00 00 00 00 00
5056-5071: 00 00 00 00 00 00 00 00 00 00 00 00 00 00 00 00
5072-5087: 00 00 00 00 00 00 00 00 00 00 00 00 00 00 00 00
5088-5103: 00 00 00 00 00 00 00 00 00 00 00 00 00 00 00 00
5104-5119: 00 00 00 00 00 00 00 00 00 00 00 00 00 00 00 00
5120-5135: 00 00 00 00 00 00 00 00 00 00 00 00 00 00 00 00
5136-5151: 00 00 00 00 00 00 00 00 00 00 00 00 00 00 00 00
5152-5167: 00 00 00 00 00 00 00 00 00 00 00 00 00 00 00 00
5168-5183: 00 00 00 00 00 00 00 00 00 00 00 00 00 00 00 00
5184-5199: 00 00 00 00 00 00 00 00 00 00 00 00 00 00 00 00
5200-5215: 00 00 00 00 00 00 00 00 00 00 00 00 00 00 00 00
5216-5231: 00 00 00 00 00 00 00 00 00 00 00 00 00 00 00 00
5232-5247: 00 00 00 00 00 00 00 00 00 00 00 00 00 00 00 00
5248-5263: 00 00 00 00 00 00 00 00 00 00 00 00 00 00 00 00
5264-5279: 00 00 00 00 00 00 00 00 00 00 00 00 00 00 00 00
5280-5295: 00 00 00 00 00 00 00 00 00 00 00 00 00 00 00 00
5296-5311: 00 00 00 00 00 00 00 00 00 00 00 00 00 00 00 00
5312-5327: 00 00 00 00 00 00 00 00 00 00 00 00 00 00 00 00
5328-5343: 00 00 00 00 00 00 00 00 00 00 00 00 00 00 00 00
5344-5359: 00 00 00 00 00 00 00 00 00 00 00 00 00 00 00 00
5360-5375: 00 00 00 00 00 00 00 00 00 00 00 00 00 00 00 00
5376-5391: 00 00 00 00 00 00 00 00 00 00 00 00 00 00 00 00
5392-5407: 00 00 00 00 00 00 00 00 00 00 00 00 00 00 00 00
5408-5423: 00 00 00 00 00 00 00 00 00 00 00 00 00 00 00 00
5424-5439: 00 00 00 00 00 00 00 00 00 00 00 00 00 00 00 00
5440-5455: 00 00 00 00 00 00 00 00 00 00 00 00 00 00 00 00
5456-5471: 00 00 00 00 00 00 00 00 00 00 00 00 00 00 00 00
5472-5487: 00 00 00 00 00 00 00 00 00 00 00 00 00 00 00 00
5488-5503: 00 00 00 00 00 00 00 00 00 00 00 00 00 00 00 00
5504-5519: 00 00 00 00 00 00 00 00 00 00 00 00 00 00 00 00
5520-5535: 00 00 00 00 00 00 00 00 00 00 00 00 00 00 00 00
5536-5551: 00 00 00 00 00 00 00 00 00 00 00 00 00 00 00 00
5552-5567: 00 00 00 00 00 00 00 00 00 00 00 00 00 00 00 00
5568-5583: 00 00 00 00 00 00 00 00 00 00 00 00 00 00 00 00
5584-5599: 00 00 00 00 00 00 00 00 00 00 00 00 00 00 00 00
5600-5615: 00 00 00 00 00 00 00 00 00 00 00 00 00 00 00 00
5616-5631: 00 00 00 00 00 00 00 00 00 00 00 00 00 00 00 00
5632-5647: 00 00 00 00 00 00 00 00 00 00 00 00 00 00 00 00
5648-5663: 00 00 00 00 00 00 00 00 00 00 00 00 00 00 00 00
5664-5679: 00 00 00 00 00 00 00 00 00 00 00 00 00 00 00 00
5680-5695: 00 00 00 00 00 00 00 00 00 00 00 00 00 00 00 00
5696-5711: 00 00 00 00 00 00 00 00 00 00 00 00 00 00 00 00
5712-5727: 00 00 00 00 00 00 00 00 00 00 00 00 00 00 00 00
5728-5743: 00 00 00 00 00 00 00 00 00 00 00 00 00 00 00 00
5744-5759: 00 00 00 00 00 00 00 00 00 00 00 00 00 00 00 00
5760-5775: 00 00 00 00 00 00 00 00 00 00 00 00 00 00 00 00
5776-5791: 00 00 00 00 00 00 00 00 00 00 00 00 00 00 00 00
5792-5807: 00 00 00 00 00 00 00 00 00 00 00 00 00 00 00 00
5808-5823: 00 00 00 00 00 00 00 00 00 00 00 00 00 00 00 00
5824-5839: 00 00 00 00 00 00 00 00 00 00 00 00 00 00 00 00
5840-5855: 00 00 00 00 00 00 00 00 00 00 00 00 00 00 00 00
5856-5871: 00 00 00 00 00 00 00 00 00 00 00 00 00 00 00 00
5872-5887: 00 00 00 00 00 00 00 00 00 00 00 00 00 00 00 00
5888-5903: 00 00 00 00 00 00 00 00 00 00 00 00 00 00 00 00
5904-5919: 00 00 00 00 00 00 00 00 00 00 00 00 00 00 00 00
5920-5935: 00 00 00 00 00 00 00 00 00 00 00 00 00 00 00 00
5936-5951: 00 00 00 00 00 00 00 00 00 00 00 00 00 00 00 00
5952-5967: 00 00 00 00 00 00 00 00 00 00 00 00 00 00 00 00
5968-5983: 00 00 00 00 00 00 00 00 00 00 00 00 00 00 00 00
5984-5999: 00 00 00 00 00 00 00 00 00 00 00 00 00 00 00 00
6000-6015: 00 00 00 00 00 00 00 00 00 00 00 00 00 00 00 00
6016-6031: 00 00 00 00 00 00 00 00 00 00 00 00 00 00 00 00
6032-6047: 00 00 00 00 00 00 00 00 00 00 00 00 00 00 00 00
6048-6063: 00 00 00 00 00 00 00 00 00 00 00 00 00 00 00 00
6064-6079: 00 00 00 00 00 00 00 00 00 00 00 00 00 00 00 00
6080-6095: 00 00 00 00 00 00 00 00 00 00 00 00 00 00 00 00
6096-6111: 00 00 00 00 00 00 00 00 00 00 00 00 00 00 00 00
6112-6127: 00 00 00 00 00 00 00 00 00 00 00 00 00 00 00 00
6128-6143: 00 00 00 00 00 00 00 00 00 00 00 00 00 00 00 00
6144-6159: 00 00 00 00 00 00 00 00 00 00 00 00 00 00 00 00
6160-6175: 00 00 00 00 00 00 00 00 00 00 00 00 00 00 00 00
6176-6191: 00 00 00 00 00 00 00 00 00 00 00 00 00 00 00 00
6192-6207: 00 00 00 00 00 00 00 00 00 00 00 00 00 00 00 00
6208-6223: 00 00 00 00 00 00 00 00 00 00 00 00 00 00 00 00
6224-6239: 00 00 00 00 00 00 00 00 00 00 00 00 00 00 00 00
6240-6255: 00 00 00 00 00 00 00 00 00 00 00 00 00 00 00 00
6256-6271: 00 00 00 00 00 00 00 00 00 00 00 00 00 00 00 00
6272-6287: 00 00 00 00 00 00 00 00 00 00 00 00 00 00 00 00
6288-6303: 00 00 00 00 00 00 00 00 00 00 00 00 00 00 00 00
6304-6319: 00 00 00 00 00 00 00 00 00 00 00 00 00 00 00 00
6320-6335: 00 00 00 00 00 00 00 00 00 00 00 00 00 00 00 00
6336-6351: 00 00 00 00 00 00 00 00 00 00 00 00 00 00 00 00
6352-6367: 00 00 00 00 00 00 00 00 00 00 00 00 00 00 00 00
6368-6383: 00 00 00 00 00 00 00 00 00 00 00 00 00 00 00 00
6384-6399: 00 00 00 00 00 00 00 00 00 00 00 00 00 00 00 00
6400-6415: 00 00 00 00 00 00 00 00 00 00 00 00 00 00 00 00
6416-6431: 00 00 00 00 00 00 00 00 00 00 00 00 00 00 00 00
6432-6447: 00 00 00 00 00 00 00 00 00 00 00 00 00 00 00 00
6448-6463: 00 00 00 00 00 00 00 00 00 00 00 00 00 00 00 00
6464-6479: 00 00 00 00 00 00 00 00 00 00 00 00 00 00 00 00
6480-6495: 00 00 00 00 00 00 00 00 00 00 00 00 00 00 00 00
6496-6511: 00 00 00 00 00 00 00 00 00 00 00 00 00 00 00 00
6512-6527: 00 00 00 00 00 00 00 00 00 00 00 00 00 00 00 00
6528-6543: 00 00 00 00 00 00 00 00 00 00 00 00 00 00 00 00
6544-6559: 00 00 00 00 00 00 00 00 00 00 00 00 00 00 00 00
6560-6575: 00 00 00 00 00 00 00 00 00 00 00 00 00 00 00 00
6576-6591: 00 00 00 00 00 00 00 00 00 00 00 00 00 00 00 00
6592-6607: 00 00 00 00 00 00 00 00 00 00 00 00 00 00 00 00
6608-6623: 00 00 00 00 00 00 00 00 00 00 00 00 00 00 00 00
6624-6639: 00 00 00 00 00 00 00 00 00 00 00 00 00 00 00 00
6640-6655: 00 00 00 00 00 00 00 00 00 00 00 00 00 00 00 00
6656-6671: 00 00 00 00 00 00 00 00 00 00 00 00 00 00 00 00
6672-6687: 00 00 00 00 00 00 00 00 00 00 00 00 00 00 00 00
6688-6703: 00 00 00 00 00 00 00 00 00 00 00 00 00 00 00 00
6704-6719: 00 00 00 00 00 00 00 00 00 00 00 00 00 00 00 00
6720-6735: 00 00 00 00 00 00 00 00 00 00 00 00 00 00 00 00
6736-6751: 00 00 00 00 00 00 00 00 00 00 00 00 00 00 00 00
6752-6767: 00 00 00 00 00 00 00 00 00 00 00 00 00 00 00 00
6768-6783: 00 00 00 00 00 00 00 00 00 00 00 00 00 00 00 00
6784-6799: 00 00 00 00 00 00 00 00 00 00 00 00 00 00 00 00
6800-6815: 00 00 00 00 00 00 00 00 00 00 00 00 00 00 00 00
6816-6831: 00 00 00 00 00 00 00 00 00 00 00 00 00 00 00 00
6832-6847: 00 00 00 00 00 00 00 00 00 00 00 00 00 00 00 00
6848-6863: 00 00 00 00 00 00 00 00 00 00 00 00 00 00 00 00
6864-6879: 00 00 00 00 00 00 00 00 00 00 00 00 00 00 00 00
6880-6895: 00 00 00 00 00 00 00 00 00 00 00 00 00 00 00 00
6896-6911: 00 00 00 00 00 00 00 00 00 00 00 00 00 00 00 00
6912-6927: 00 00 00 00 00 00 00 00 00 00 00 00 00 00 00 00
6928-6943: 00 00 00 00 00 00 00 00 00 00 00 00 00 00 00 00
6944-6959: 00 00 00 00 00 00 00 00 00 00 00 00 00 00 00 00
6960-6975: 00 00 00 00 00 00 00 00 00 00 00 00 00 00 00 00
6976-6991: 00 00 00 00 00 00 00 00 00 00 00 00 00 00 00 00
6992-7007: 00 00 00 00 00 00 00 00 00 00 00 00 00 00 00 00
7008-7023: 00 00 00 00 00 00 00 00 00 00 00 00 00 00 00 00
7024-7039: 00 00 00 00 00 00 00 00 00 00 00 00 00 00 00 00
7040-7055: 00 00 00 00 00 00 00 00 00 00 00 00 00 00 00 00
7056-7071: 00 00 00 00 00 00 00 00 00 00 00 00 00 00 00 00
7072-7087: 00 00 00 00 00 00 00 00 00 00 00 00 00 00 00 00
7088-7103: 00 00 00 00 00 00 00 00 00 00 00 00 00 00 00 00
7104-7119: 00 00 00 00 00 00 00 00 00 00 00 00 00 00 00 00
7120-7135: 00 00 00 00 00 00 00 00 00 00 00 00 00 00 00 00
7136-7151: 00 00 00 00 00 00 00 00 00 00 00 00 00 00 00 00
7152-7167: 00 00 00 00 00 00 00 00 00 00 00 00 00 00 00 00
7168-7183: 00 00 00 00 00 00 00 00 00 00 00 00 00 00 00 00
7184-7199: 00 00 00 00 00 00 00 00 00 00 00 00 00 00 00 00
7200-7215: 00 00 00 00 00 00 00 00 00 00 00 00 00 00 00 00
7216-7231: 00 00 00 00 00 00 00 00 00 00 00 00 00 00 00 00
7232-7247: 00 00 00 00 00 00 00 00 00 00 00 00 00 00 00 00
7248-7263: 00 00 00 00 00 00 00 00 00 00 00 00 00 00 00 00
7264-7279: 00 00 00 00 00 00 00 00 00 00 00 00 00 00 00 00
7280-7295: 00 00 00 00 00 00 00 00 00 00 00 00 00 00 00 00
7296-7311: 00 00 00 00 00 00 00 00 00 00 00 00 00 00 00 00
7312-7327: 00 00 00 00 00 00 00 00 00 00 00 00 00 00 00 00
7328-7343: 00 00 00 00 00 00 00 00 00 00 00 00 00 00 00 00
7344-7359: 00 00 00 00 00 00 00 00 00 00 00 00 00 00 00 00
7360-7375: 00 00 00 00 00 00 00 00 00 00 00 00 00 00 00 00
7376-7391: 00 00 00 00 00 00 00 00 00 00 00 00 00 00 00 00
7392-7407: 00 00 00 00 00 00 00 00 00 00 00 00 00 00 00 00
7408-7423: 00 00 00 00 00 00 00 00 00 00 00 00 00 00 00 00
7424-7439: 00 00 00 00 00 00 00 00 00 00 00 00 00 00 00 00
7440-7455: 00 00 00 00 00 00 00 00 00 00 00 00 00 00 00 00
7456-7471: 00 00 00 00 00 00 00 00 00 00 00 00 00 00 00 00
7472-7487: 00 00 00 00 00 00 00 00 00 00 00 00 00 00 00 00
7488-7503: 00 00 00 00 00 00 00 00 00 00 00 00 00 00 00 00
7504-7519: 00 00 00 00 00 00 00 00 00 00 00 00 00 00 00 00
7520-7535: 00 00 00 00 00 00 00 00 00 00 00 00 00 00 00 00
7536-7551: 00 00 00 00 00 00 00 00 00 00 00 00 00 00 00 00
7552-7567: 00 00 00 00 00 00 00 00 00 00 00 00 00 00 00 00
7568-7583: 00 00 00 00 00 00 00 00 00 00 00 00 00 00 00 00
7584-7599: 00 00 00 00 00 00 00 00 00 00 00 00 00 00 00 00
7600-7615: 00 00 00 00 00 00 00 00 00 00 00 00 00 00 00 00
7616-7631: 00 00 00 00 00 00 00 00 00 00 00 00 00 00 00 00
7632-7647: 00 00 00 00 00 00 00 00 00 00 00 00 00 00 00 00
7648-7663: 00 00 00 00 00 00 00 00 00 00 00 00 00 00 00 00
7664-7679: 00 00 00 00 00 00 00 00 00 00 00 00 00 00 00 00
7680-7695: 00 00 00 00 00 00 00 00 00 00 00 00 00 00 00 00
7696-7711: 00 00 00 00 00 00 00 00 00 00 00 00 00 00 00 00
7712-7727: 00 00 00 00 00 00 00 00 00 00 00 00 00 00 00 00
7728-7743: 00 00 00 00 00 00 00 00 00 00 00 00 00 00 00 00
7744-7759: 00 00 00 00 00 00 00 00 00 00 00 00 00 00 00 00
7760-7775: 00 00 00 00 00 00 00 00 00 00 00 00 00 00 00 00
7776-7791: 00 00 00 00 00 00 00 00 00 00 00 00 00 00 00 00
7792-7807: 00 00 00 00 00 00 00 00 00 00 00 00 00 00 00 00
7808-7823: 00 00 00 00 00 00 00 00 00 00 00 00 00 00 00 00
7824-7839: 00 00 00 00 00 00 00 00 00 00 00 00 00 00 00 00
7840-7855: 00 00 00 00 00 00 00 00 00 00 00 00 00 00 00 00
7856-7871: 00 00 00 00 00 00 00 00 00 00 00 00 00 00 00 00
7872-7887: 00 00 00 00 00 00 00 00 00 00 00 00 00 00 00 00
7888-7903: 00 00 00 00 00 00 00 00 00 00 00 00 00 00 00 00
7904-7919: 00 00 00 00 00 00 00 00 00 00 00 00 00 00 00 00
7920-7935: 00 00 00 00 00 00 00 00 00 00 00 00 00 00 00 00
7936-7951: 00 00 00 00 00 00 00 00 00 00 00 00 00 00 00 00
7952-7967: 00 00 00 00 00 00 00 00 00 00 00 00 00 00 00 00
7968-7983: 00 00 00 00 00 00 00 00 00 00 00 00 00 00 00 00
7984-7999: 00 00 00 00 00 00 00 00 00 00 00 00 00 00 00 00
8000-8015: 00 00 00 00 00 00 00 00 00 00 00 00 00 00 00 00
8016-8031: 00 00 00 00 00 00 00 00 00 00 00 00 00 00 00 00
8032-8047: 00 00 00 00 00 00 00 00 00 00 00 00 00 00 00 00
8048-8063: 00 00 00 00 00 00 00 00 00 00 00 00 00 00 00 00
8064-8079: 00 00 00 00 00 00 00 00 00 00 00 00 00 00 00 00
8080-8095: 00 00 00 00 00 00 00 00 00 00 00 00 00 00 00 00
8096-8111: 00 00 00 00 00 00 00 00 00 00 00 00 00 00 00 00
8112-8127: 00 00 00 00 00 00 00 00 00 00 00 00 00 00 00 00
8128-8143: 00 00 00 00 00 00 00 00 00 00 00 00 00 00 00 00
8144-8159: 00 00 00 00 00 00 00 00 00 00 00 00 00 00 00 00
8160-8175: 00 00 00 00 00 00 00 00 00 00 00 00 00 00 00 00
8176-8191: 00 00 00 00 00 00 00 00 00 00 00 00 00 00 00 00
8192-8207: 00 00 00 00 00 00 00 00 00 00 00 00 00 00 00 00
===== [LUN DATA] DATA END (8200 Bytes) =====

  cciss_getlun(3, 0) = 0x0; scsi3addr: 00 00 00 c0 00 00 00 01
  status=0
  Incoming data, len=36:
 00     00 00 06 02 5b 00 80 02  41 54 41 20 20 20 20 20
 10     53 61 6d 73 75 6e 67 20  53 53 44 20 38 35 30 20
 20     33 42 36 51
/dev/sg1 [cciss_disk_00] [SAT]: Device open changed type from 'sat,auto+cciss' to 'sat'

REPORT-IOCTL: Device=/dev/sg1 Command=IDENTIFY DEVICE
 Input:   FR=...., SC=0x01, LL=...., LM=...., LH=...., DEV=...., CMD=0xec IN

===== [LUN DATA] DATA START (BASE-16) =====
000-015: 00 00 00 28 00 00 00 00 00 00 00 c0 00 00 00 01
016-031: 00 00 00 c0 00 00 01 01 00 00 00 c0 00 00 02 01
032-047: 00 00 00 c0 00 00 03 01 00 00 00 c0 00 00 7c 02
048-063: 00 00 00 00 00 00 00 00 00 00 00 00 00 00 00 00
064-079: 00 00 00 00 00 00 00 00 00 00 00 00 00 00 00 00
080-095: 00 00 00 00 00 00 00 00 00 00 00 00 00 00 00 00
096-111: 00 00 00 00 00 00 00 00 00 00 00 00 00 00 00 00
112-127: 00 00 00 00 00 00 00 00 00 00 00 00 00 00 00 00
128-143: 00 00 00 00 00 00 00 00 00 00 00 00 00 00 00 00
144-159: 00 00 00 00 00 00 00 00 00 00 00 00 00 00 00 00
160-175: 00 00 00 00 00 00 00 00 00 00 00 00 00 00 00 00
176-191: 00 00 00 00 00 00 00 00 00 00 00 00 00 00 00 00
192-207: 00 00 00 00 00 00 00 00 00 00 00 00 00 00 00 00
208-223: 00 00 00 00 00 00 00 00 00 00 00 00 00 00 00 00
224-239: 00 00 00 00 00 00 00 00 00 00 00 00 00 00 00 00
240-255: 00 00 00 00 00 00 00 00 00 00 00 00 00 00 00 00
256-271: 00 00 00 00 00 00 00 00 00 00 00 00 00 00 00 00
272-287: 00 00 00 00 00 00 00 00 00 00 00 00 00 00 00 00
288-303: 00 00 00 00 00 00 00 00 00 00 00 00 00 00 00 00
304-319: 00 00 00 00 00 00 00 00 00 00 00 00 00 00 00 00
320-335: 00 00 00 00 00 00 00 00 00 00 00 00 00 00 00 00
336-351: 00 00 00 00 00 00 00 00 00 00 00 00 00 00 00 00
352-367: 00 00 00 00 00 00 00 00 00 00 00 00 00 00 00 00
368-383: 00 00 00 00 00 00 00 00 00 00 00 00 00 00 00 00
384-399: 00 00 00 00 00 00 00 00 00 00 00 00 00 00 00 00
400-415: 00 00 00 00 00 00 00 00 00 00 00 00 00 00 00 00
416-431: 00 00 00 00 00 00 00 00 00 00 00 00 00 00 00 00
432-447: 00 00 00 00 00 00 00 00 00 00 00 00 00 00 00 00
448-463: 00 00 00 00 00 00 00 00 00 00 00 00 00 00 00 00
464-479: 00 00 00 00 00 00 00 00 00 00 00 00 00 00 00 00
480-495: 00 00 00 00 00 00 00 00 00 00 00 00 00 00 00 00
496-511: 00 00 00 00 00 00 00 00 00 00 00 00 00 00 00 00
512-527: 00 00 00 00 00 00 00 00 00 00 00 00 00 00 00 00
528-543: 00 00 00 00 00 00 00 00 00 00 00 00 00 00 00 00
544-559: 00 00 00 00 00 00 00 00 00 00 00 00 00 00 00 00
560-575: 00 00 00 00 00 00 00 00 00 00 00 00 00 00 00 00
576-591: 00 00 00 00 00 00 00 00 00 00 00 00 00 00 00 00
592-607: 00 00 00 00 00 00 00 00 00 00 00 00 00 00 00 00
608-623: 00 00 00 00 00 00 00 00 00 00 00 00 00 00 00 00
624-639: 00 00 00 00 00 00 00 00 00 00 00 00 00 00 00 00
640-655: 00 00 00 00 00 00 00 00 00 00 00 00 00 00 00 00
656-671: 00 00 00 00 00 00 00 00 00 00 00 00 00 00 00 00
672-687: 00 00 00 00 00 00 00 00 00 00 00 00 00 00 00 00
688-703: 00 00 00 00 00 00 00 00 00 00 00 00 00 00 00 00
704-719: 00 00 00 00 00 00 00 00 00 00 00 00 00 00 00 00
720-735: 00 00 00 00 00 00 00 00 00 00 00 00 00 00 00 00
736-751: 00 00 00 00 00 00 00 00 00 00 00 00 00 00 00 00
752-767: 00 00 00 00 00 00 00 00 00 00 00 00 00 00 00 00
768-783: 00 00 00 00 00 00 00 00 00 00 00 00 00 00 00 00
784-799: 00 00 00 00 00 00 00 00 00 00 00 00 00 00 00 00
800-815: 00 00 00 00 00 00 00 00 00 00 00 00 00 00 00 00
816-831: 00 00 00 00 00 00 00 00 00 00 00 00 00 00 00 00
832-847: 00 00 00 00 00 00 00 00 00 00 00 00 00 00 00 00
848-863: 00 00 00 00 00 00 00 00 00 00 00 00 00 00 00 00
864-879: 00 00 00 00 00 00 00 00 00 00 00 00 00 00 00 00
880-895: 00 00 00 00 00 00 00 00 00 00 00 00 00 00 00 00
896-911: 00 00 00 00 00 00 00 00 00 00 00 00 00 00 00 00
912-927: 00 00 00 00 00 00 00 00 00 00 00 00 00 00 00 00
928-943: 00 00 00 00 00 00 00 00 00 00 00 00 00 00 00 00
944-959: 00 00 00 00 00 00 00 00 00 00 00 00 00 00 00 00
960-975: 00 00 00 00 00 00 00 00 00 00 00 00 00 00 00 00
976-991: 00 00 00 00 00 00 00 00 00 00 00 00 00 00 00 00
992-1007: 00 00 00 00 00 00 00 00 00 00 00 00 00 00 00 00
1008-1023: 00 00 00 00 00 00 00 00 00 00 00 00 00 00 00 00
1024-1039: 00 00 00 00 00 00 00 00 00 00 00 00 00 00 00 00
1040-1055: 00 00 00 00 00 00 00 00 00 00 00 00 00 00 00 00
1056-1071: 00 00 00 00 00 00 00 00 00 00 00 00 00 00 00 00
1072-1087: 00 00 00 00 00 00 00 00 00 00 00 00 00 00 00 00
1088-1103: 00 00 00 00 00 00 00 00 00 00 00 00 00 00 00 00
1104-1119: 00 00 00 00 00 00 00 00 00 00 00 00 00 00 00 00
1120-1135: 00 00 00 00 00 00 00 00 00 00 00 00 00 00 00 00
1136-1151: 00 00 00 00 00 00 00 00 00 00 00 00 00 00 00 00
1152-1167: 00 00 00 00 00 00 00 00 00 00 00 00 00 00 00 00
1168-1183: 00 00 00 00 00 00 00 00 00 00 00 00 00 00 00 00
1184-1199: 00 00 00 00 00 00 00 00 00 00 00 00 00 00 00 00
1200-1215: 00 00 00 00 00 00 00 00 00 00 00 00 00 00 00 00
1216-1231: 00 00 00 00 00 00 00 00 00 00 00 00 00 00 00 00
1232-1247: 00 00 00 00 00 00 00 00 00 00 00 00 00 00 00 00
1248-1263: 00 00 00 00 00 00 00 00 00 00 00 00 00 00 00 00
1264-1279: 00 00 00 00 00 00 00 00 00 00 00 00 00 00 00 00
1280-1295: 00 00 00 00 00 00 00 00 00 00 00 00 00 00 00 00
1296-1311: 00 00 00 00 00 00 00 00 00 00 00 00 00 00 00 00
1312-1327: 00 00 00 00 00 00 00 00 00 00 00 00 00 00 00 00
1328-1343: 00 00 00 00 00 00 00 00 00 00 00 00 00 00 00 00
1344-1359: 00 00 00 00 00 00 00 00 00 00 00 00 00 00 00 00
1360-1375: 00 00 00 00 00 00 00 00 00 00 00 00 00 00 00 00
1376-1391: 00 00 00 00 00 00 00 00 00 00 00 00 00 00 00 00
1392-1407: 00 00 00 00 00 00 00 00 00 00 00 00 00 00 00 00
1408-1423: 00 00 00 00 00 00 00 00 00 00 00 00 00 00 00 00
1424-1439: 00 00 00 00 00 00 00 00 00 00 00 00 00 00 00 00
1440-1455: 00 00 00 00 00 00 00 00 00 00 00 00 00 00 00 00
1456-1471: 00 00 00 00 00 00 00 00 00 00 00 00 00 00 00 00
1472-1487: 00 00 00 00 00 00 00 00 00 00 00 00 00 00 00 00
1488-1503: 00 00 00 00 00 00 00 00 00 00 00 00 00 00 00 00
1504-1519: 00 00 00 00 00 00 00 00 00 00 00 00 00 00 00 00
1520-1535: 00 00 00 00 00 00 00 00 00 00 00 00 00 00 00 00
1536-1551: 00 00 00 00 00 00 00 00 00 00 00 00 00 00 00 00
1552-1567: 00 00 00 00 00 00 00 00 00 00 00 00 00 00 00 00
1568-1583: 00 00 00 00 00 00 00 00 00 00 00 00 00 00 00 00
1584-1599: 00 00 00 00 00 00 00 00 00 00 00 00 00 00 00 00
1600-1615: 00 00 00 00 00 00 00 00 00 00 00 00 00 00 00 00
1616-1631: 00 00 00 00 00 00 00 00 00 00 00 00 00 00 00 00
1632-1647: 00 00 00 00 00 00 00 00 00 00 00 00 00 00 00 00
1648-1663: 00 00 00 00 00 00 00 00 00 00 00 00 00 00 00 00
1664-1679: 00 00 00 00 00 00 00 00 00 00 00 00 00 00 00 00
1680-1695: 00 00 00 00 00 00 00 00 00 00 00 00 00 00 00 00
1696-1711: 00 00 00 00 00 00 00 00 00 00 00 00 00 00 00 00
1712-1727: 00 00 00 00 00 00 00 00 00 00 00 00 00 00 00 00
1728-1743: 00 00 00 00 00 00 00 00 00 00 00 00 00 00 00 00
1744-1759: 00 00 00 00 00 00 00 00 00 00 00 00 00 00 00 00
1760-1775: 00 00 00 00 00 00 00 00 00 00 00 00 00 00 00 00
1776-1791: 00 00 00 00 00 00 00 00 00 00 00 00 00 00 00 00
1792-1807: 00 00 00 00 00 00 00 00 00 00 00 00 00 00 00 00
1808-1823: 00 00 00 00 00 00 00 00 00 00 00 00 00 00 00 00
1824-1839: 00 00 00 00 00 00 00 00 00 00 00 00 00 00 00 00
1840-1855: 00 00 00 00 00 00 00 00 00 00 00 00 00 00 00 00
1856-1871: 00 00 00 00 00 00 00 00 00 00 00 00 00 00 00 00
1872-1887: 00 00 00 00 00 00 00 00 00 00 00 00 00 00 00 00
1888-1903: 00 00 00 00 00 00 00 00 00 00 00 00 00 00 00 00
1904-1919: 00 00 00 00 00 00 00 00 00 00 00 00 00 00 00 00
1920-1935: 00 00 00 00 00 00 00 00 00 00 00 00 00 00 00 00
1936-1951: 00 00 00 00 00 00 00 00 00 00 00 00 00 00 00 00
1952-1967: 00 00 00 00 00 00 00 00 00 00 00 00 00 00 00 00
1968-1983: 00 00 00 00 00 00 00 00 00 00 00 00 00 00 00 00
1984-1999: 00 00 00 00 00 00 00 00 00 00 00 00 00 00 00 00
2000-2015: 00 00 00 00 00 00 00 00 00 00 00 00 00 00 00 00
2016-2031: 00 00 00 00 00 00 00 00 00 00 00 00 00 00 00 00
2032-2047: 00 00 00 00 00 00 00 00 00 00 00 00 00 00 00 00
2048-2063: 00 00 00 00 00 00 00 00 00 00 00 00 00 00 00 00
2064-2079: 00 00 00 00 00 00 00 00 00 00 00 00 00 00 00 00
2080-2095: 00 00 00 00 00 00 00 00 00 00 00 00 00 00 00 00
2096-2111: 00 00 00 00 00 00 00 00 00 00 00 00 00 00 00 00
2112-2127: 00 00 00 00 00 00 00 00 00 00 00 00 00 00 00 00
2128-2143: 00 00 00 00 00 00 00 00 00 00 00 00 00 00 00 00
2144-2159: 00 00 00 00 00 00 00 00 00 00 00 00 00 00 00 00
2160-2175: 00 00 00 00 00 00 00 00 00 00 00 00 00 00 00 00
2176-2191: 00 00 00 00 00 00 00 00 00 00 00 00 00 00 00 00
2192-2207: 00 00 00 00 00 00 00 00 00 00 00 00 00 00 00 00
2208-2223: 00 00 00 00 00 00 00 00 00 00 00 00 00 00 00 00
2224-2239: 00 00 00 00 00 00 00 00 00 00 00 00 00 00 00 00
2240-2255: 00 00 00 00 00 00 00 00 00 00 00 00 00 00 00 00
2256-2271: 00 00 00 00 00 00 00 00 00 00 00 00 00 00 00 00
2272-2287: 00 00 00 00 00 00 00 00 00 00 00 00 00 00 00 00
2288-2303: 00 00 00 00 00 00 00 00 00 00 00 00 00 00 00 00
2304-2319: 00 00 00 00 00 00 00 00 00 00 00 00 00 00 00 00
2320-2335: 00 00 00 00 00 00 00 00 00 00 00 00 00 00 00 00
2336-2351: 00 00 00 00 00 00 00 00 00 00 00 00 00 00 00 00
2352-2367: 00 00 00 00 00 00 00 00 00 00 00 00 00 00 00 00
2368-2383: 00 00 00 00 00 00 00 00 00 00 00 00 00 00 00 00
2384-2399: 00 00 00 00 00 00 00 00 00 00 00 00 00 00 00 00
2400-2415: 00 00 00 00 00 00 00 00 00 00 00 00 00 00 00 00
2416-2431: 00 00 00 00 00 00 00 00 00 00 00 00 00 00 00 00
2432-2447: 00 00 00 00 00 00 00 00 00 00 00 00 00 00 00 00
2448-2463: 00 00 00 00 00 00 00 00 00 00 00 00 00 00 00 00
2464-2479: 00 00 00 00 00 00 00 00 00 00 00 00 00 00 00 00
2480-2495: 00 00 00 00 00 00 00 00 00 00 00 00 00 00 00 00
2496-2511: 00 00 00 00 00 00 00 00 00 00 00 00 00 00 00 00
2512-2527: 00 00 00 00 00 00 00 00 00 00 00 00 00 00 00 00
2528-2543: 00 00 00 00 00 00 00 00 00 00 00 00 00 00 00 00
2544-2559: 00 00 00 00 00 00 00 00 00 00 00 00 00 00 00 00
2560-2575: 00 00 00 00 00 00 00 00 00 00 00 00 00 00 00 00
2576-2591: 00 00 00 00 00 00 00 00 00 00 00 00 00 00 00 00
2592-2607: 00 00 00 00 00 00 00 00 00 00 00 00 00 00 00 00
2608-2623: 00 00 00 00 00 00 00 00 00 00 00 00 00 00 00 00
2624-2639: 00 00 00 00 00 00 00 00 00 00 00 00 00 00 00 00
2640-2655: 00 00 00 00 00 00 00 00 00 00 00 00 00 00 00 00
2656-2671: 00 00 00 00 00 00 00 00 00 00 00 00 00 00 00 00
2672-2687: 00 00 00 00 00 00 00 00 00 00 00 00 00 00 00 00
2688-2703: 00 00 00 00 00 00 00 00 00 00 00 00 00 00 00 00
2704-2719: 00 00 00 00 00 00 00 00 00 00 00 00 00 00 00 00
2720-2735: 00 00 00 00 00 00 00 00 00 00 00 00 00 00 00 00
2736-2751: 00 00 00 00 00 00 00 00 00 00 00 00 00 00 00 00
2752-2767: 00 00 00 00 00 00 00 00 00 00 00 00 00 00 00 00
2768-2783: 00 00 00 00 00 00 00 00 00 00 00 00 00 00 00 00
2784-2799: 00 00 00 00 00 00 00 00 00 00 00 00 00 00 00 00
2800-2815: 00 00 00 00 00 00 00 00 00 00 00 00 00 00 00 00
2816-2831: 00 00 00 00 00 00 00 00 00 00 00 00 00 00 00 00
2832-2847: 00 00 00 00 00 00 00 00 00 00 00 00 00 00 00 00
2848-2863: 00 00 00 00 00 00 00 00 00 00 00 00 00 00 00 00
2864-2879: 00 00 00 00 00 00 00 00 00 00 00 00 00 00 00 00
2880-2895: 00 00 00 00 00 00 00 00 00 00 00 00 00 00 00 00
2896-2911: 00 00 00 00 00 00 00 00 00 00 00 00 00 00 00 00
2912-2927: 00 00 00 00 00 00 00 00 00 00 00 00 00 00 00 00
2928-2943: 00 00 00 00 00 00 00 00 00 00 00 00 00 00 00 00
2944-2959: 00 00 00 00 00 00 00 00 00 00 00 00 00 00 00 00
2960-2975: 00 00 00 00 00 00 00 00 00 00 00 00 00 00 00 00
2976-2991: 00 00 00 00 00 00 00 00 00 00 00 00 00 00 00 00
2992-3007: 00 00 00 00 00 00 00 00 00 00 00 00 00 00 00 00
3008-3023: 00 00 00 00 00 00 00 00 00 00 00 00 00 00 00 00
3024-3039: 00 00 00 00 00 00 00 00 00 00 00 00 00 00 00 00
3040-3055: 00 00 00 00 00 00 00 00 00 00 00 00 00 00 00 00
3056-3071: 00 00 00 00 00 00 00 00 00 00 00 00 00 00 00 00
3072-3087: 00 00 00 00 00 00 00 00 00 00 00 00 00 00 00 00
3088-3103: 00 00 00 00 00 00 00 00 00 00 00 00 00 00 00 00
3104-3119: 00 00 00 00 00 00 00 00 00 00 00 00 00 00 00 00
3120-3135: 00 00 00 00 00 00 00 00 00 00 00 00 00 00 00 00
3136-3151: 00 00 00 00 00 00 00 00 00 00 00 00 00 00 00 00
3152-3167: 00 00 00 00 00 00 00 00 00 00 00 00 00 00 00 00
3168-3183: 00 00 00 00 00 00 00 00 00 00 00 00 00 00 00 00
3184-3199: 00 00 00 00 00 00 00 00 00 00 00 00 00 00 00 00
3200-3215: 00 00 00 00 00 00 00 00 00 00 00 00 00 00 00 00
3216-3231: 00 00 00 00 00 00 00 00 00 00 00 00 00 00 00 00
3232-3247: 00 00 00 00 00 00 00 00 00 00 00 00 00 00 00 00
3248-3263: 00 00 00 00 00 00 00 00 00 00 00 00 00 00 00 00
3264-3279: 00 00 00 00 00 00 00 00 00 00 00 00 00 00 00 00
3280-3295: 00 00 00 00 00 00 00 00 00 00 00 00 00 00 00 00
3296-3311: 00 00 00 00 00 00 00 00 00 00 00 00 00 00 00 00
3312-3327: 00 00 00 00 00 00 00 00 00 00 00 00 00 00 00 00
3328-3343: 00 00 00 00 00 00 00 00 00 00 00 00 00 00 00 00
3344-3359: 00 00 00 00 00 00 00 00 00 00 00 00 00 00 00 00
3360-3375: 00 00 00 00 00 00 00 00 00 00 00 00 00 00 00 00
3376-3391: 00 00 00 00 00 00 00 00 00 00 00 00 00 00 00 00
3392-3407: 00 00 00 00 00 00 00 00 00 00 00 00 00 00 00 00
3408-3423: 00 00 00 00 00 00 00 00 00 00 00 00 00 00 00 00
3424-3439: 00 00 00 00 00 00 00 00 00 00 00 00 00 00 00 00
3440-3455: 00 00 00 00 00 00 00 00 00 00 00 00 00 00 00 00
3456-3471: 00 00 00 00 00 00 00 00 00 00 00 00 00 00 00 00
3472-3487: 00 00 00 00 00 00 00 00 00 00 00 00 00 00 00 00
3488-3503: 00 00 00 00 00 00 00 00 00 00 00 00 00 00 00 00
3504-3519: 00 00 00 00 00 00 00 00 00 00 00 00 00 00 00 00
3520-3535: 00 00 00 00 00 00 00 00 00 00 00 00 00 00 00 00
3536-3551: 00 00 00 00 00 00 00 00 00 00 00 00 00 00 00 00
3552-3567: 00 00 00 00 00 00 00 00 00 00 00 00 00 00 00 00
3568-3583: 00 00 00 00 00 00 00 00 00 00 00 00 00 00 00 00
3584-3599: 00 00 00 00 00 00 00 00 00 00 00 00 00 00 00 00
3600-3615: 00 00 00 00 00 00 00 00 00 00 00 00 00 00 00 00
3616-3631: 00 00 00 00 00 00 00 00 00 00 00 00 00 00 00 00
3632-3647: 00 00 00 00 00 00 00 00 00 00 00 00 00 00 00 00
3648-3663: 00 00 00 00 00 00 00 00 00 00 00 00 00 00 00 00
3664-3679: 00 00 00 00 00 00 00 00 00 00 00 00 00 00 00 00
3680-3695: 00 00 00 00 00 00 00 00 00 00 00 00 00 00 00 00
3696-3711: 00 00 00 00 00 00 00 00 00 00 00 00 00 00 00 00
3712-3727: 00 00 00 00 00 00 00 00 00 00 00 00 00 00 00 00
3728-3743: 00 00 00 00 00 00 00 00 00 00 00 00 00 00 00 00
3744-3759: 00 00 00 00 00 00 00 00 00 00 00 00 00 00 00 00
3760-3775: 00 00 00 00 00 00 00 00 00 00 00 00 00 00 00 00
3776-3791: 00 00 00 00 00 00 00 00 00 00 00 00 00 00 00 00
3792-3807: 00 00 00 00 00 00 00 00 00 00 00 00 00 00 00 00
3808-3823: 00 00 00 00 00 00 00 00 00 00 00 00 00 00 00 00
3824-3839: 00 00 00 00 00 00 00 00 00 00 00 00 00 00 00 00
3840-3855: 00 00 00 00 00 00 00 00 00 00 00 00 00 00 00 00
3856-3871: 00 00 00 00 00 00 00 00 00 00 00 00 00 00 00 00
3872-3887: 00 00 00 00 00 00 00 00 00 00 00 00 00 00 00 00
3888-3903: 00 00 00 00 00 00 00 00 00 00 00 00 00 00 00 00
3904-3919: 00 00 00 00 00 00 00 00 00 00 00 00 00 00 00 00
3920-3935: 00 00 00 00 00 00 00 00 00 00 00 00 00 00 00 00
3936-3951: 00 00 00 00 00 00 00 00 00 00 00 00 00 00 00 00
3952-3967: 00 00 00 00 00 00 00 00 00 00 00 00 00 00 00 00
3968-3983: 00 00 00 00 00 00 00 00 00 00 00 00 00 00 00 00
3984-3999: 00 00 00 00 00 00 00 00 00 00 00 00 00 00 00 00
4000-4015: 00 00 00 00 00 00 00 00 00 00 00 00 00 00 00 00
4016-4031: 00 00 00 00 00 00 00 00 00 00 00 00 00 00 00 00
4032-4047: 00 00 00 00 00 00 00 00 00 00 00 00 00 00 00 00
4048-4063: 00 00 00 00 00 00 00 00 00 00 00 00 00 00 00 00
4064-4079: 00 00 00 00 00 00 00 00 00 00 00 00 00 00 00 00
4080-4095: 00 00 00 00 00 00 00 00 00 00 00 00 00 00 00 00
4096-4111: 00 00 00 00 00 00 00 00 00 00 00 00 00 00 00 00
4112-4127: 00 00 00 00 00 00 00 00 00 00 00 00 00 00 00 00
4128-4143: 00 00 00 00 00 00 00 00 00 00 00 00 00 00 00 00
4144-4159: 00 00 00 00 00 00 00 00 00 00 00 00 00 00 00 00
4160-4175: 00 00 00 00 00 00 00 00 00 00 00 00 00 00 00 00
4176-4191: 00 00 00 00 00 00 00 00 00 00 00 00 00 00 00 00
4192-4207: 00 00 00 00 00 00 00 00 00 00 00 00 00 00 00 00
4208-4223: 00 00 00 00 00 00 00 00 00 00 00 00 00 00 00 00
4224-4239: 00 00 00 00 00 00 00 00 00 00 00 00 00 00 00 00
4240-4255: 00 00 00 00 00 00 00 00 00 00 00 00 00 00 00 00
4256-4271: 00 00 00 00 00 00 00 00 00 00 00 00 00 00 00 00
4272-4287: 00 00 00 00 00 00 00 00 00 00 00 00 00 00 00 00
4288-4303: 00 00 00 00 00 00 00 00 00 00 00 00 00 00 00 00
4304-4319: 00 00 00 00 00 00 00 00 00 00 00 00 00 00 00 00
4320-4335: 00 00 00 00 00 00 00 00 00 00 00 00 00 00 00 00
4336-4351: 00 00 00 00 00 00 00 00 00 00 00 00 00 00 00 00
4352-4367: 00 00 00 00 00 00 00 00 00 00 00 00 00 00 00 00
4368-4383: 00 00 00 00 00 00 00 00 00 00 00 00 00 00 00 00
4384-4399: 00 00 00 00 00 00 00 00 00 00 00 00 00 00 00 00
4400-4415: 00 00 00 00 00 00 00 00 00 00 00 00 00 00 00 00
4416-4431: 00 00 00 00 00 00 00 00 00 00 00 00 00 00 00 00
4432-4447: 00 00 00 00 00 00 00 00 00 00 00 00 00 00 00 00
4448-4463: 00 00 00 00 00 00 00 00 00 00 00 00 00 00 00 00
4464-4479: 00 00 00 00 00 00 00 00 00 00 00 00 00 00 00 00
4480-4495: 00 00 00 00 00 00 00 00 00 00 00 00 00 00 00 00
4496-4511: 00 00 00 00 00 00 00 00 00 00 00 00 00 00 00 00
4512-4527: 00 00 00 00 00 00 00 00 00 00 00 00 00 00 00 00
4528-4543: 00 00 00 00 00 00 00 00 00 00 00 00 00 00 00 00
4544-4559: 00 00 00 00 00 00 00 00 00 00 00 00 00 00 00 00
4560-4575: 00 00 00 00 00 00 00 00 00 00 00 00 00 00 00 00
4576-4591: 00 00 00 00 00 00 00 00 00 00 00 00 00 00 00 00
4592-4607: 00 00 00 00 00 00 00 00 00 00 00 00 00 00 00 00
4608-4623: 00 00 00 00 00 00 00 00 00 00 00 00 00 00 00 00
4624-4639: 00 00 00 00 00 00 00 00 00 00 00 00 00 00 00 00
4640-4655: 00 00 00 00 00 00 00 00 00 00 00 00 00 00 00 00
4656-4671: 00 00 00 00 00 00 00 00 00 00 00 00 00 00 00 00
4672-4687: 00 00 00 00 00 00 00 00 00 00 00 00 00 00 00 00
4688-4703: 00 00 00 00 00 00 00 00 00 00 00 00 00 00 00 00
4704-4719: 00 00 00 00 00 00 00 00 00 00 00 00 00 00 00 00
4720-4735: 00 00 00 00 00 00 00 00 00 00 00 00 00 00 00 00
4736-4751: 00 00 00 00 00 00 00 00 00 00 00 00 00 00 00 00
4752-4767: 00 00 00 00 00 00 00 00 00 00 00 00 00 00 00 00
4768-4783: 00 00 00 00 00 00 00 00 00 00 00 00 00 00 00 00
4784-4799: 00 00 00 00 00 00 00 00 00 00 00 00 00 00 00 00
4800-4815: 00 00 00 00 00 00 00 00 00 00 00 00 00 00 00 00
4816-4831: 00 00 00 00 00 00 00 00 00 00 00 00 00 00 00 00
4832-4847: 00 00 00 00 00 00 00 00 00 00 00 00 00 00 00 00
4848-4863: 00 00 00 00 00 00 00 00 00 00 00 00 00 00 00 00
4864-4879: 00 00 00 00 00 00 00 00 00 00 00 00 00 00 00 00
4880-4895: 00 00 00 00 00 00 00 00 00 00 00 00 00 00 00 00
4896-4911: 00 00 00 00 00 00 00 00 00 00 00 00 00 00 00 00
4912-4927: 00 00 00 00 00 00 00 00 00 00 00 00 00 00 00 00
4928-4943: 00 00 00 00 00 00 00 00 00 00 00 00 00 00 00 00
4944-4959: 00 00 00 00 00 00 00 00 00 00 00 00 00 00 00 00
4960-4975: 00 00 00 00 00 00 00 00 00 00 00 00 00 00 00 00
4976-4991: 00 00 00 00 00 00 00 00 00 00 00 00 00 00 00 00
4992-5007: 00 00 00 00 00 00 00 00 00 00 00 00 00 00 00 00
5008-5023: 00 00 00 00 00 00 00 00 00 00 00 00 00 00 00 00
5024-5039: 00 00 00 00 00 00 00 00 00 00 00 00 00 00 00 00
5040-5055: 00 00 00 00 00 00 00 00 00 00 00 00 00 00 00 00
5056-5071: 00 00 00 00 00 00 00 00 00 00 00 00 00 00 00 00
5072-5087: 00 00 00 00 00 00 00 00 00 00 00 00 00 00 00 00
5088-5103: 00 00 00 00 00 00 00 00 00 00 00 00 00 00 00 00
5104-5119: 00 00 00 00 00 00 00 00 00 00 00 00 00 00 00 00
5120-5135: 00 00 00 00 00 00 00 00 00 00 00 00 00 00 00 00
5136-5151: 00 00 00 00 00 00 00 00 00 00 00 00 00 00 00 00
5152-5167: 00 00 00 00 00 00 00 00 00 00 00 00 00 00 00 00
5168-5183: 00 00 00 00 00 00 00 00 00 00 00 00 00 00 00 00
5184-5199: 00 00 00 00 00 00 00 00 00 00 00 00 00 00 00 00
5200-5215: 00 00 00 00 00 00 00 00 00 00 00 00 00 00 00 00
5216-5231: 00 00 00 00 00 00 00 00 00 00 00 00 00 00 00 00
5232-5247: 00 00 00 00 00 00 00 00 00 00 00 00 00 00 00 00
5248-5263: 00 00 00 00 00 00 00 00 00 00 00 00 00 00 00 00
5264-5279: 00 00 00 00 00 00 00 00 00 00 00 00 00 00 00 00
5280-5295: 00 00 00 00 00 00 00 00 00 00 00 00 00 00 00 00
5296-5311: 00 00 00 00 00 00 00 00 00 00 00 00 00 00 00 00
5312-5327: 00 00 00 00 00 00 00 00 00 00 00 00 00 00 00 00
5328-5343: 00 00 00 00 00 00 00 00 00 00 00 00 00 00 00 00
5344-5359: 00 00 00 00 00 00 00 00 00 00 00 00 00 00 00 00
5360-5375: 00 00 00 00 00 00 00 00 00 00 00 00 00 00 00 00
5376-5391: 00 00 00 00 00 00 00 00 00 00 00 00 00 00 00 00
5392-5407: 00 00 00 00 00 00 00 00 00 00 00 00 00 00 00 00
5408-5423: 00 00 00 00 00 00 00 00 00 00 00 00 00 00 00 00
5424-5439: 00 00 00 00 00 00 00 00 00 00 00 00 00 00 00 00
5440-5455: 00 00 00 00 00 00 00 00 00 00 00 00 00 00 00 00
5456-5471: 00 00 00 00 00 00 00 00 00 00 00 00 00 00 00 00
5472-5487: 00 00 00 00 00 00 00 00 00 00 00 00 00 00 00 00
5488-5503: 00 00 00 00 00 00 00 00 00 00 00 00 00 00 00 00
5504-5519: 00 00 00 00 00 00 00 00 00 00 00 00 00 00 00 00
5520-5535: 00 00 00 00 00 00 00 00 00 00 00 00 00 00 00 00
5536-5551: 00 00 00 00 00 00 00 00 00 00 00 00 00 00 00 00
5552-5567: 00 00 00 00 00 00 00 00 00 00 00 00 00 00 00 00
5568-5583: 00 00 00 00 00 00 00 00 00 00 00 00 00 00 00 00
5584-5599: 00 00 00 00 00 00 00 00 00 00 00 00 00 00 00 00
5600-5615: 00 00 00 00 00 00 00 00 00 00 00 00 00 00 00 00
5616-5631: 00 00 00 00 00 00 00 00 00 00 00 00 00 00 00 00
5632-5647: 00 00 00 00 00 00 00 00 00 00 00 00 00 00 00 00
5648-5663: 00 00 00 00 00 00 00 00 00 00 00 00 00 00 00 00
5664-5679: 00 00 00 00 00 00 00 00 00 00 00 00 00 00 00 00
5680-5695: 00 00 00 00 00 00 00 00 00 00 00 00 00 00 00 00
5696-5711: 00 00 00 00 00 00 00 00 00 00 00 00 00 00 00 00
5712-5727: 00 00 00 00 00 00 00 00 00 00 00 00 00 00 00 00
5728-5743: 00 00 00 00 00 00 00 00 00 00 00 00 00 00 00 00
5744-5759: 00 00 00 00 00 00 00 00 00 00 00 00 00 00 00 00
5760-5775: 00 00 00 00 00 00 00 00 00 00 00 00 00 00 00 00
5776-5791: 00 00 00 00 00 00 00 00 00 00 00 00 00 00 00 00
5792-5807: 00 00 00 00 00 00 00 00 00 00 00 00 00 00 00 00
5808-5823: 00 00 00 00 00 00 00 00 00 00 00 00 00 00 00 00
5824-5839: 00 00 00 00 00 00 00 00 00 00 00 00 00 00 00 00
5840-5855: 00 00 00 00 00 00 00 00 00 00 00 00 00 00 00 00
5856-5871: 00 00 00 00 00 00 00 00 00 00 00 00 00 00 00 00
5872-5887: 00 00 00 00 00 00 00 00 00 00 00 00 00 00 00 00
5888-5903: 00 00 00 00 00 00 00 00 00 00 00 00 00 00 00 00
5904-5919: 00 00 00 00 00 00 00 00 00 00 00 00 00 00 00 00
5920-5935: 00 00 00 00 00 00 00 00 00 00 00 00 00 00 00 00
5936-5951: 00 00 00 00 00 00 00 00 00 00 00 00 00 00 00 00
5952-5967: 00 00 00 00 00 00 00 00 00 00 00 00 00 00 00 00
5968-5983: 00 00 00 00 00 00 00 00 00 00 00 00 00 00 00 00
5984-5999: 00 00 00 00 00 00 00 00 00 00 00 00 00 00 00 00
6000-6015: 00 00 00 00 00 00 00 00 00 00 00 00 00 00 00 00
6016-6031: 00 00 00 00 00 00 00 00 00 00 00 00 00 00 00 00
6032-6047: 00 00 00 00 00 00 00 00 00 00 00 00 00 00 00 00
6048-6063: 00 00 00 00 00 00 00 00 00 00 00 00 00 00 00 00
6064-6079: 00 00 00 00 00 00 00 00 00 00 00 00 00 00 00 00
6080-6095: 00 00 00 00 00 00 00 00 00 00 00 00 00 00 00 00
6096-6111: 00 00 00 00 00 00 00 00 00 00 00 00 00 00 00 00
6112-6127: 00 00 00 00 00 00 00 00 00 00 00 00 00 00 00 00
6128-6143: 00 00 00 00 00 00 00 00 00 00 00 00 00 00 00 00
6144-6159: 00 00 00 00 00 00 00 00 00 00 00 00 00 00 00 00
6160-6175: 00 00 00 00 00 00 00 00 00 00 00 00 00 00 00 00
6176-6191: 00 00 00 00 00 00 00 00 00 00 00 00 00 00 00 00
6192-6207: 00 00 00 00 00 00 00 00 00 00 00 00 00 00 00 00
6208-6223: 00 00 00 00 00 00 00 00 00 00 00 00 00 00 00 00
6224-6239: 00 00 00 00 00 00 00 00 00 00 00 00 00 00 00 00
6240-6255: 00 00 00 00 00 00 00 00 00 00 00 00 00 00 00 00
6256-6271: 00 00 00 00 00 00 00 00 00 00 00 00 00 00 00 00
6272-6287: 00 00 00 00 00 00 00 00 00 00 00 00 00 00 00 00
6288-6303: 00 00 00 00 00 00 00 00 00 00 00 00 00 00 00 00
6304-6319: 00 00 00 00 00 00 00 00 00 00 00 00 00 00 00 00
6320-6335: 00 00 00 00 00 00 00 00 00 00 00 00 00 00 00 00
6336-6351: 00 00 00 00 00 00 00 00 00 00 00 00 00 00 00 00
6352-6367: 00 00 00 00 00 00 00 00 00 00 00 00 00 00 00 00
6368-6383: 00 00 00 00 00 00 00 00 00 00 00 00 00 00 00 00
6384-6399: 00 00 00 00 00 00 00 00 00 00 00 00 00 00 00 00
6400-6415: 00 00 00 00 00 00 00 00 00 00 00 00 00 00 00 00
6416-6431: 00 00 00 00 00 00 00 00 00 00 00 00 00 00 00 00
6432-6447: 00 00 00 00 00 00 00 00 00 00 00 00 00 00 00 00
6448-6463: 00 00 00 00 00 00 00 00 00 00 00 00 00 00 00 00
6464-6479: 00 00 00 00 00 00 00 00 00 00 00 00 00 00 00 00
6480-6495: 00 00 00 00 00 00 00 00 00 00 00 00 00 00 00 00
6496-6511: 00 00 00 00 00 00 00 00 00 00 00 00 00 00 00 00
6512-6527: 00 00 00 00 00 00 00 00 00 00 00 00 00 00 00 00
6528-6543: 00 00 00 00 00 00 00 00 00 00 00 00 00 00 00 00
6544-6559: 00 00 00 00 00 00 00 00 00 00 00 00 00 00 00 00
6560-6575: 00 00 00 00 00 00 00 00 00 00 00 00 00 00 00 00
6576-6591: 00 00 00 00 00 00 00 00 00 00 00 00 00 00 00 00
6592-6607: 00 00 00 00 00 00 00 00 00 00 00 00 00 00 00 00
6608-6623: 00 00 00 00 00 00 00 00 00 00 00 00 00 00 00 00
6624-6639: 00 00 00 00 00 00 00 00 00 00 00 00 00 00 00 00
6640-6655: 00 00 00 00 00 00 00 00 00 00 00 00 00 00 00 00
6656-6671: 00 00 00 00 00 00 00 00 00 00 00 00 00 00 00 00
6672-6687: 00 00 00 00 00 00 00 00 00 00 00 00 00 00 00 00
6688-6703: 00 00 00 00 00 00 00 00 00 00 00 00 00 00 00 00
6704-6719: 00 00 00 00 00 00 00 00 00 00 00 00 00 00 00 00
6720-6735: 00 00 00 00 00 00 00 00 00 00 00 00 00 00 00 00
6736-6751: 00 00 00 00 00 00 00 00 00 00 00 00 00 00 00 00
6752-6767: 00 00 00 00 00 00 00 00 00 00 00 00 00 00 00 00
6768-6783: 00 00 00 00 00 00 00 00 00 00 00 00 00 00 00 00
6784-6799: 00 00 00 00 00 00 00 00 00 00 00 00 00 00 00 00
6800-6815: 00 00 00 00 00 00 00 00 00 00 00 00 00 00 00 00
6816-6831: 00 00 00 00 00 00 00 00 00 00 00 00 00 00 00 00
6832-6847: 00 00 00 00 00 00 00 00 00 00 00 00 00 00 00 00
6848-6863: 00 00 00 00 00 00 00 00 00 00 00 00 00 00 00 00
6864-6879: 00 00 00 00 00 00 00 00 00 00 00 00 00 00 00 00
6880-6895: 00 00 00 00 00 00 00 00 00 00 00 00 00 00 00 00
6896-6911: 00 00 00 00 00 00 00 00 00 00 00 00 00 00 00 00
6912-6927: 00 00 00 00 00 00 00 00 00 00 00 00 00 00 00 00
6928-6943: 00 00 00 00 00 00 00 00 00 00 00 00 00 00 00 00
6944-6959: 00 00 00 00 00 00 00 00 00 00 00 00 00 00 00 00
6960-6975: 00 00 00 00 00 00 00 00 00 00 00 00 00 00 00 00
6976-6991: 00 00 00 00 00 00 00 00 00 00 00 00 00 00 00 00
6992-7007: 00 00 00 00 00 00 00 00 00 00 00 00 00 00 00 00
7008-7023: 00 00 00 00 00 00 00 00 00 00 00 00 00 00 00 00
7024-7039: 00 00 00 00 00 00 00 00 00 00 00 00 00 00 00 00
7040-7055: 00 00 00 00 00 00 00 00 00 00 00 00 00 00 00 00
7056-7071: 00 00 00 00 00 00 00 00 00 00 00 00 00 00 00 00
7072-7087: 00 00 00 00 00 00 00 00 00 00 00 00 00 00 00 00
7088-7103: 00 00 00 00 00 00 00 00 00 00 00 00 00 00 00 00
7104-7119: 00 00 00 00 00 00 00 00 00 00 00 00 00 00 00 00
7120-7135: 00 00 00 00 00 00 00 00 00 00 00 00 00 00 00 00
7136-7151: 00 00 00 00 00 00 00 00 00 00 00 00 00 00 00 00
7152-7167: 00 00 00 00 00 00 00 00 00 00 00 00 00 00 00 00
7168-7183: 00 00 00 00 00 00 00 00 00 00 00 00 00 00 00 00
7184-7199: 00 00 00 00 00 00 00 00 00 00 00 00 00 00 00 00
7200-7215: 00 00 00 00 00 00 00 00 00 00 00 00 00 00 00 00
7216-7231: 00 00 00 00 00 00 00 00 00 00 00 00 00 00 00 00
7232-7247: 00 00 00 00 00 00 00 00 00 00 00 00 00 00 00 00
7248-7263: 00 00 00 00 00 00 00 00 00 00 00 00 00 00 00 00
7264-7279: 00 00 00 00 00 00 00 00 00 00 00 00 00 00 00 00
7280-7295: 00 00 00 00 00 00 00 00 00 00 00 00 00 00 00 00
7296-7311: 00 00 00 00 00 00 00 00 00 00 00 00 00 00 00 00
7312-7327: 00 00 00 00 00 00 00 00 00 00 00 00 00 00 00 00
7328-7343: 00 00 00 00 00 00 00 00 00 00 00 00 00 00 00 00
7344-7359: 00 00 00 00 00 00 00 00 00 00 00 00 00 00 00 00
7360-7375: 00 00 00 00 00 00 00 00 00 00 00 00 00 00 00 00
7376-7391: 00 00 00 00 00 00 00 00 00 00 00 00 00 00 00 00
7392-7407: 00 00 00 00 00 00 00 00 00 00 00 00 00 00 00 00
7408-7423: 00 00 00 00 00 00 00 00 00 00 00 00 00 00 00 00
7424-7439: 00 00 00 00 00 00 00 00 00 00 00 00 00 00 00 00
7440-7455: 00 00 00 00 00 00 00 00 00 00 00 00 00 00 00 00
7456-7471: 00 00 00 00 00 00 00 00 00 00 00 00 00 00 00 00
7472-7487: 00 00 00 00 00 00 00 00 00 00 00 00 00 00 00 00
7488-7503: 00 00 00 00 00 00 00 00 00 00 00 00 00 00 00 00
7504-7519: 00 00 00 00 00 00 00 00 00 00 00 00 00 00 00 00
7520-7535: 00 00 00 00 00 00 00 00 00 00 00 00 00 00 00 00
7536-7551: 00 00 00 00 00 00 00 00 00 00 00 00 00 00 00 00
7552-7567: 00 00 00 00 00 00 00 00 00 00 00 00 00 00 00 00
7568-7583: 00 00 00 00 00 00 00 00 00 00 00 00 00 00 00 00
7584-7599: 00 00 00 00 00 00 00 00 00 00 00 00 00 00 00 00
7600-7615: 00 00 00 00 00 00 00 00 00 00 00 00 00 00 00 00
7616-7631: 00 00 00 00 00 00 00 00 00 00 00 00 00 00 00 00
7632-7647: 00 00 00 00 00 00 00 00 00 00 00 00 00 00 00 00
7648-7663: 00 00 00 00 00 00 00 00 00 00 00 00 00 00 00 00
7664-7679: 00 00 00 00 00 00 00 00 00 00 00 00 00 00 00 00
7680-7695: 00 00 00 00 00 00 00 00 00 00 00 00 00 00 00 00
7696-7711: 00 00 00 00 00 00 00 00 00 00 00 00 00 00 00 00
7712-7727: 00 00 00 00 00 00 00 00 00 00 00 00 00 00 00 00
7728-7743: 00 00 00 00 00 00 00 00 00 00 00 00 00 00 00 00
7744-7759: 00 00 00 00 00 00 00 00 00 00 00 00 00 00 00 00
7760-7775: 00 00 00 00 00 00 00 00 00 00 00 00 00 00 00 00
7776-7791: 00 00 00 00 00 00 00 00 00 00 00 00 00 00 00 00
7792-7807: 00 00 00 00 00 00 00 00 00 00 00 00 00 00 00 00
7808-7823: 00 00 00 00 00 00 00 00 00 00 00 00 00 00 00 00
7824-7839: 00 00 00 00 00 00 00 00 00 00 00 00 00 00 00 00
7840-7855: 00 00 00 00 00 00 00 00 00 00 00 00 00 00 00 00
7856-7871: 00 00 00 00 00 00 00 00 00 00 00 00 00 00 00 00
7872-7887: 00 00 00 00 00 00 00 00 00 00 00 00 00 00 00 00
7888-7903: 00 00 00 00 00 00 00 00 00 00 00 00 00 00 00 00
7904-7919: 00 00 00 00 00 00 00 00 00 00 00 00 00 00 00 00
7920-7935: 00 00 00 00 00 00 00 00 00 00 00 00 00 00 00 00
7936-7951: 00 00 00 00 00 00 00 00 00 00 00 00 00 00 00 00
7952-7967: 00 00 00 00 00 00 00 00 00 00 00 00 00 00 00 00
7968-7983: 00 00 00 00 00 00 00 00 00 00 00 00 00 00 00 00
7984-7999: 00 00 00 00 00 00 00 00 00 00 00 00 00 00 00 00
8000-8015: 00 00 00 00 00 00 00 00 00 00 00 00 00 00 00 00
8016-8031: 00 00 00 00 00 00 00 00 00 00 00 00 00 00 00 00
8032-8047: 00 00 00 00 00 00 00 00 00 00 00 00 00 00 00 00
8048-8063: 00 00 00 00 00 00 00 00 00 00 00 00 00 00 00 00
8064-8079: 00 00 00 00 00 00 00 00 00 00 00 00 00 00 00 00
8080-8095: 00 00 00 00 00 00 00 00 00 00 00 00 00 00 00 00
8096-8111: 00 00 00 00 00 00 00 00 00 00 00 00 00 00 00 00
8112-8127: 00 00 00 00 00 00 00 00 00 00 00 00 00 00 00 00
8128-8143: 00 00 00 00 00 00 00 00 00 00 00 00 00 00 00 00
8144-8159: 00 00 00 00 00 00 00 00 00 00 00 00 00 00 00 00
8160-8175: 00 00 00 00 00 00 00 00 00 00 00 00 00 00 00 00
8176-8191: 00 00 00 00 00 00 00 00 00 00 00 00 00 00 00 00
8192-8207: 00 00 00 00 00 00 00 00 00 00 00 00 00 00 00 00
===== [LUN DATA] DATA END (8200 Bytes) =====

  cciss_getlun(3, 0) = 0x0; scsi3addr: 00 00 00 c0 00 00 00 01
  status=0
  Incoming data, len=512 [only first 256 bytes shown]:
 00     40 00 ff 3f 37 c8 10 00  00 00 00 00 3f 00 00 00
 10     00 00 00 00 33 53 58 4e  46 4e 4a 30 33 42 32 35
 20     36 30 20 56 20 20 20 20  00 00 00 00 00 00 4d 45
 30     30 54 42 33 51 36 61 53  73 6d 6e 75 20 67 53 53
 40     20 44 35 38 20 30 56 45  20 4f 30 35 47 30 20 42
 50     20 20 20 20 20 20 20 20  20 20 20 20 20 20 01 80
 60     01 40 00 2f 00 40 00 02  00 02 07 00 ff 3f 10 00
 70     3f 00 10 fc fb 00 01 01  ff ff ff 0f 00 00 07 00
 80     03 00 78 00 78 00 78 00  78 00 10 0f 00 00 00 00
 90     00 00 00 00 00 00 1f 00  0e 85 c6 00 6c 01 60 00
 a0     fc 03 39 00 6b 74 01 7d  63 41 49 74 01 bc 63 41
 b0     7f 40 01 00 04 00 00 00  fe ff 00 00 00 00 00 00
 c0     00 00 00 00 00 00 00 00  30 60 38 3a 00 00 00 00
 d0     00 00 08 00 00 40 00 00  02 50 8d 53 70 42 a4 51
 e0     00 00 00 00 00 00 00 00  00 00 00 00 00 00 1e 40
 f0     1c 40 00 00 00 00 00 00  00 00 00 00 00 00 00 00
 [Duration: 0.334s]
REPORT-IOCTL: Device=/dev/sg1 Command=IDENTIFY DEVICE returned 0

===== [IDENTIFY DEVICE] DATA START (BASE-16) =====
000-015: 40 00 ff 3f 37 c8 10 00 00 00 00 00 3f 00 00 00 |@..?7.......?...|
016-031: 00 00 00 00 33 53 58 4e 46 4e 4a 30 33 42 32 35 |....3SXNFNJ03B25|
032-047: 36 30 20 56 20 20 20 20 00 00 00 00 00 00 4d 45 |60 V    ......ME|
048-063: 30 54 42 33 51 36 61 53 73 6d 6e 75 20 67 53 53 |0TB3Q6aSsmnu gSS|
064-079: 20 44 35 38 20 30 56 45 20 4f 30 35 47 30 20 42 | D58 0VE O05G0 B|
080-095: 20 20 20 20 20 20 20 20 20 20 20 20 20 20 01 80 |              ..|
096-111: 01 40 00 2f 00 40 00 02 00 02 07 00 ff 3f 10 00 |.@./.@.......?..|
112-127: 3f 00 10 fc fb 00 01 01 ff ff ff 0f 00 00 07 00 |?...............|
128-143: 03 00 78 00 78 00 78 00 78 00 10 0f 00 00 00 00 |..x.x.x.x.......|
144-159: 00 00 00 00 00 00 1f 00 0e 85 c6 00 6c 01 60 00 |............l.`.|
160-175: fc 03 39 00 6b 74 01 7d 63 41 49 74 01 bc 63 41 |..9.kt.}cAIt..cA|
176-191: 7f 40 01 00 04 00 00 00 fe ff 00 00 00 00 00 00 |.@..............|
192-207: 00 00 00 00 00 00 00 00 30 60 38 3a 00 00 00 00 |........0`8:....|
208-223: 00 00 08 00 00 40 00 00 02 50 8d 53 70 42 a4 51 |.....@...P.SpB.Q|
224-239: 00 00 00 00 00 00 00 00 00 00 00 00 00 00 1e 40 |...............@|
240-255: 1c 40 00 00 00 00 00 00 00 00 00 00 00 00 00 00 |.@..............|
256-271: 21 00 00 00 00 00 00 00 00 00 00 00 00 00 00 00 |!...............|
272-287: 00 00 00 00 00 00 00 00 00 00 00 00 00 00 00 00 |................|
288-303: 00 00 00 00 00 00 00 00 00 00 00 00 00 00 00 00 |................|
304-319: 00 00 00 00 00 00 00 00 00 00 00 00 00 00 00 00 |................|
320-335: 00 00 00 00 00 00 00 00 00 00 00 00 00 00 00 00 |................|
336-351: 03 00 01 00 20 20 20 20 20 20 20 20 00 00 00 00 |....        ....|
352-367: 00 00 00 00 00 00 00 00 00 00 00 00 00 00 00 00 |................|
368-383: 00 00 00 00 00 00 00 00 00 00 00 00 00 00 00 00 |................|
384-399: 00 00 00 00 00 00 00 00 00 00 00 00 00 00 00 00 |................|
400-415: 00 00 00 00 00 00 00 00 00 00 00 00 3d 00 00 00 |............=...|
416-431: 00 00 00 40 00 00 00 00 00 00 00 00 00 00 00 00 |...@............|
432-447: 00 00 01 00 00 00 00 00 00 00 00 00 7f 10 00 00 |................|
448-463: 00 00 00 00 00 00 00 00 00 00 00 00 00 00 00 00 |................|
464-479: 00 00 00 00 00 00 00 08 00 00 00 00 00 00 00 00 |................|
480-495: 00 00 00 00 00 00 00 40 00 00 00 00 00 00 00 00 |.......@........|
496-511: 00 00 00 00 00 00 00 00 00 00 00 00 00 00 a5 a3 |................|
===== [IDENTIFY DEVICE] DATA END (512 Bytes) =====


REPORT-IOCTL: Device=/dev/sg1 Command=SMART READ ATTRIBUTE VALUES
 Input:   FR=0xd0, SC=0x01, LL=...., LM=0x4f, LH=0xc2, DEV=...., CMD=0xb0 IN

===== [LUN DATA] DATA START (BASE-16) =====
000-015: 00 00 00 28 00 00 00 00 00 00 00 c0 00 00 00 01
016-031: 00 00 00 c0 00 00 01 01 00 00 00 c0 00 00 02 01
032-047: 00 00 00 c0 00 00 03 01 00 00 00 c0 00 00 7c 02
048-063: 00 00 00 00 00 00 00 00 00 00 00 00 00 00 00 00
064-079: 00 00 00 00 00 00 00 00 00 00 00 00 00 00 00 00
080-095: 00 00 00 00 00 00 00 00 00 00 00 00 00 00 00 00
096-111: 00 00 00 00 00 00 00 00 00 00 00 00 00 00 00 00
112-127: 00 00 00 00 00 00 00 00 00 00 00 00 00 00 00 00
128-143: 00 00 00 00 00 00 00 00 00 00 00 00 00 00 00 00
144-159: 00 00 00 00 00 00 00 00 00 00 00 00 00 00 00 00
160-175: 00 00 00 00 00 00 00 00 00 00 00 00 00 00 00 00
176-191: 00 00 00 00 00 00 00 00 00 00 00 00 00 00 00 00
192-207: 00 00 00 00 00 00 00 00 00 00 00 00 00 00 00 00
208-223: 00 00 00 00 00 00 00 00 00 00 00 00 00 00 00 00
224-239: 00 00 00 00 00 00 00 00 00 00 00 00 00 00 00 00
240-255: 00 00 00 00 00 00 00 00 00 00 00 00 00 00 00 00
256-271: 00 00 00 00 00 00 00 00 00 00 00 00 00 00 00 00
272-287: 00 00 00 00 00 00 00 00 00 00 00 00 00 00 00 00
288-303: 00 00 00 00 00 00 00 00 00 00 00 00 00 00 00 00
304-319: 00 00 00 00 00 00 00 00 00 00 00 00 00 00 00 00
320-335: 00 00 00 00 00 00 00 00 00 00 00 00 00 00 00 00
336-351: 00 00 00 00 00 00 00 00 00 00 00 00 00 00 00 00
352-367: 00 00 00 00 00 00 00 00 00 00 00 00 00 00 00 00
368-383: 00 00 00 00 00 00 00 00 00 00 00 00 00 00 00 00
384-399: 00 00 00 00 00 00 00 00 00 00 00 00 00 00 00 00
400-415: 00 00 00 00 00 00 00 00 00 00 00 00 00 00 00 00
416-431: 00 00 00 00 00 00 00 00 00 00 00 00 00 00 00 00
432-447: 00 00 00 00 00 00 00 00 00 00 00 00 00 00 00 00
448-463: 00 00 00 00 00 00 00 00 00 00 00 00 00 00 00 00
464-479: 00 00 00 00 00 00 00 00 00 00 00 00 00 00 00 00
480-495: 00 00 00 00 00 00 00 00 00 00 00 00 00 00 00 00
496-511: 00 00 00 00 00 00 00 00 00 00 00 00 00 00 00 00
512-527: 00 00 00 00 00 00 00 00 00 00 00 00 00 00 00 00
528-543: 00 00 00 00 00 00 00 00 00 00 00 00 00 00 00 00
544-559: 00 00 00 00 00 00 00 00 00 00 00 00 00 00 00 00
560-575: 00 00 00 00 00 00 00 00 00 00 00 00 00 00 00 00
576-591: 00 00 00 00 00 00 00 00 00 00 00 00 00 00 00 00
592-607: 00 00 00 00 00 00 00 00 00 00 00 00 00 00 00 00
608-623: 00 00 00 00 00 00 00 00 00 00 00 00 00 00 00 00
624-639: 00 00 00 00 00 00 00 00 00 00 00 00 00 00 00 00
640-655: 00 00 00 00 00 00 00 00 00 00 00 00 00 00 00 00
656-671: 00 00 00 00 00 00 00 00 00 00 00 00 00 00 00 00
672-687: 00 00 00 00 00 00 00 00 00 00 00 00 00 00 00 00
688-703: 00 00 00 00 00 00 00 00 00 00 00 00 00 00 00 00
704-719: 00 00 00 00 00 00 00 00 00 00 00 00 00 00 00 00
720-735: 00 00 00 00 00 00 00 00 00 00 00 00 00 00 00 00
736-751: 00 00 00 00 00 00 00 00 00 00 00 00 00 00 00 00
752-767: 00 00 00 00 00 00 00 00 00 00 00 00 00 00 00 00
768-783: 00 00 00 00 00 00 00 00 00 00 00 00 00 00 00 00
784-799: 00 00 00 00 00 00 00 00 00 00 00 00 00 00 00 00
800-815: 00 00 00 00 00 00 00 00 00 00 00 00 00 00 00 00
816-831: 00 00 00 00 00 00 00 00 00 00 00 00 00 00 00 00
832-847: 00 00 00 00 00 00 00 00 00 00 00 00 00 00 00 00
848-863: 00 00 00 00 00 00 00 00 00 00 00 00 00 00 00 00
864-879: 00 00 00 00 00 00 00 00 00 00 00 00 00 00 00 00
880-895: 00 00 00 00 00 00 00 00 00 00 00 00 00 00 00 00
896-911: 00 00 00 00 00 00 00 00 00 00 00 00 00 00 00 00
912-927: 00 00 00 00 00 00 00 00 00 00 00 00 00 00 00 00
928-943: 00 00 00 00 00 00 00 00 00 00 00 00 00 00 00 00
944-959: 00 00 00 00 00 00 00 00 00 00 00 00 00 00 00 00
960-975: 00 00 00 00 00 00 00 00 00 00 00 00 00 00 00 00
976-991: 00 00 00 00 00 00 00 00 00 00 00 00 00 00 00 00
992-1007: 00 00 00 00 00 00 00 00 00 00 00 00 00 00 00 00
1008-1023: 00 00 00 00 00 00 00 00 00 00 00 00 00 00 00 00
1024-1039: 00 00 00 00 00 00 00 00 00 00 00 00 00 00 00 00
1040-1055: 00 00 00 00 00 00 00 00 00 00 00 00 00 00 00 00
1056-1071: 00 00 00 00 00 00 00 00 00 00 00 00 00 00 00 00
1072-1087: 00 00 00 00 00 00 00 00 00 00 00 00 00 00 00 00
1088-1103: 00 00 00 00 00 00 00 00 00 00 00 00 00 00 00 00
1104-1119: 00 00 00 00 00 00 00 00 00 00 00 00 00 00 00 00
1120-1135: 00 00 00 00 00 00 00 00 00 00 00 00 00 00 00 00
1136-1151: 00 00 00 00 00 00 00 00 00 00 00 00 00 00 00 00
1152-1167: 00 00 00 00 00 00 00 00 00 00 00 00 00 00 00 00
1168-1183: 00 00 00 00 00 00 00 00 00 00 00 00 00 00 00 00
1184-1199: 00 00 00 00 00 00 00 00 00 00 00 00 00 00 00 00
1200-1215: 00 00 00 00 00 00 00 00 00 00 00 00 00 00 00 00
1216-1231: 00 00 00 00 00 00 00 00 00 00 00 00 00 00 00 00
1232-1247: 00 00 00 00 00 00 00 00 00 00 00 00 00 00 00 00
1248-1263: 00 00 00 00 00 00 00 00 00 00 00 00 00 00 00 00
1264-1279: 00 00 00 00 00 00 00 00 00 00 00 00 00 00 00 00
1280-1295: 00 00 00 00 00 00 00 00 00 00 00 00 00 00 00 00
1296-1311: 00 00 00 00 00 00 00 00 00 00 00 00 00 00 00 00
1312-1327: 00 00 00 00 00 00 00 00 00 00 00 00 00 00 00 00
1328-1343: 00 00 00 00 00 00 00 00 00 00 00 00 00 00 00 00
1344-1359: 00 00 00 00 00 00 00 00 00 00 00 00 00 00 00 00
1360-1375: 00 00 00 00 00 00 00 00 00 00 00 00 00 00 00 00
1376-1391: 00 00 00 00 00 00 00 00 00 00 00 00 00 00 00 00
1392-1407: 00 00 00 00 00 00 00 00 00 00 00 00 00 00 00 00
1408-1423: 00 00 00 00 00 00 00 00 00 00 00 00 00 00 00 00
1424-1439: 00 00 00 00 00 00 00 00 00 00 00 00 00 00 00 00
1440-1455: 00 00 00 00 00 00 00 00 00 00 00 00 00 00 00 00
1456-1471: 00 00 00 00 00 00 00 00 00 00 00 00 00 00 00 00
1472-1487: 00 00 00 00 00 00 00 00 00 00 00 00 00 00 00 00
1488-1503: 00 00 00 00 00 00 00 00 00 00 00 00 00 00 00 00
1504-1519: 00 00 00 00 00 00 00 00 00 00 00 00 00 00 00 00
1520-1535: 00 00 00 00 00 00 00 00 00 00 00 00 00 00 00 00
1536-1551: 00 00 00 00 00 00 00 00 00 00 00 00 00 00 00 00
1552-1567: 00 00 00 00 00 00 00 00 00 00 00 00 00 00 00 00
1568-1583: 00 00 00 00 00 00 00 00 00 00 00 00 00 00 00 00
1584-1599: 00 00 00 00 00 00 00 00 00 00 00 00 00 00 00 00
1600-1615: 00 00 00 00 00 00 00 00 00 00 00 00 00 00 00 00
1616-1631: 00 00 00 00 00 00 00 00 00 00 00 00 00 00 00 00
1632-1647: 00 00 00 00 00 00 00 00 00 00 00 00 00 00 00 00
1648-1663: 00 00 00 00 00 00 00 00 00 00 00 00 00 00 00 00
1664-1679: 00 00 00 00 00 00 00 00 00 00 00 00 00 00 00 00
1680-1695: 00 00 00 00 00 00 00 00 00 00 00 00 00 00 00 00
1696-1711: 00 00 00 00 00 00 00 00 00 00 00 00 00 00 00 00
1712-1727: 00 00 00 00 00 00 00 00 00 00 00 00 00 00 00 00
1728-1743: 00 00 00 00 00 00 00 00 00 00 00 00 00 00 00 00
1744-1759: 00 00 00 00 00 00 00 00 00 00 00 00 00 00 00 00
1760-1775: 00 00 00 00 00 00 00 00 00 00 00 00 00 00 00 00
1776-1791: 00 00 00 00 00 00 00 00 00 00 00 00 00 00 00 00
1792-1807: 00 00 00 00 00 00 00 00 00 00 00 00 00 00 00 00
1808-1823: 00 00 00 00 00 00 00 00 00 00 00 00 00 00 00 00
1824-1839: 00 00 00 00 00 00 00 00 00 00 00 00 00 00 00 00
1840-1855: 00 00 00 00 00 00 00 00 00 00 00 00 00 00 00 00
1856-1871: 00 00 00 00 00 00 00 00 00 00 00 00 00 00 00 00
1872-1887: 00 00 00 00 00 00 00 00 00 00 00 00 00 00 00 00
1888-1903: 00 00 00 00 00 00 00 00 00 00 00 00 00 00 00 00
1904-1919: 00 00 00 00 00 00 00 00 00 00 00 00 00 00 00 00
1920-1935: 00 00 00 00 00 00 00 00 00 00 00 00 00 00 00 00
1936-1951: 00 00 00 00 00 00 00 00 00 00 00 00 00 00 00 00
1952-1967: 00 00 00 00 00 00 00 00 00 00 00 00 00 00 00 00
1968-1983: 00 00 00 00 00 00 00 00 00 00 00 00 00 00 00 00
1984-1999: 00 00 00 00 00 00 00 00 00 00 00 00 00 00 00 00
2000-2015: 00 00 00 00 00 00 00 00 00 00 00 00 00 00 00 00
2016-2031: 00 00 00 00 00 00 00 00 00 00 00 00 00 00 00 00
2032-2047: 00 00 00 00 00 00 00 00 00 00 00 00 00 00 00 00
2048-2063: 00 00 00 00 00 00 00 00 00 00 00 00 00 00 00 00
2064-2079: 00 00 00 00 00 00 00 00 00 00 00 00 00 00 00 00
2080-2095: 00 00 00 00 00 00 00 00 00 00 00 00 00 00 00 00
2096-2111: 00 00 00 00 00 00 00 00 00 00 00 00 00 00 00 00
2112-2127: 00 00 00 00 00 00 00 00 00 00 00 00 00 00 00 00
2128-2143: 00 00 00 00 00 00 00 00 00 00 00 00 00 00 00 00
2144-2159: 00 00 00 00 00 00 00 00 00 00 00 00 00 00 00 00
2160-2175: 00 00 00 00 00 00 00 00 00 00 00 00 00 00 00 00
2176-2191: 00 00 00 00 00 00 00 00 00 00 00 00 00 00 00 00
2192-2207: 00 00 00 00 00 00 00 00 00 00 00 00 00 00 00 00
2208-2223: 00 00 00 00 00 00 00 00 00 00 00 00 00 00 00 00
2224-2239: 00 00 00 00 00 00 00 00 00 00 00 00 00 00 00 00
2240-2255: 00 00 00 00 00 00 00 00 00 00 00 00 00 00 00 00
2256-2271: 00 00 00 00 00 00 00 00 00 00 00 00 00 00 00 00
2272-2287: 00 00 00 00 00 00 00 00 00 00 00 00 00 00 00 00
2288-2303: 00 00 00 00 00 00 00 00 00 00 00 00 00 00 00 00
2304-2319: 00 00 00 00 00 00 00 00 00 00 00 00 00 00 00 00
2320-2335: 00 00 00 00 00 00 00 00 00 00 00 00 00 00 00 00
2336-2351: 00 00 00 00 00 00 00 00 00 00 00 00 00 00 00 00
2352-2367: 00 00 00 00 00 00 00 00 00 00 00 00 00 00 00 00
2368-2383: 00 00 00 00 00 00 00 00 00 00 00 00 00 00 00 00
2384-2399: 00 00 00 00 00 00 00 00 00 00 00 00 00 00 00 00
2400-2415: 00 00 00 00 00 00 00 00 00 00 00 00 00 00 00 00
2416-2431: 00 00 00 00 00 00 00 00 00 00 00 00 00 00 00 00
2432-2447: 00 00 00 00 00 00 00 00 00 00 00 00 00 00 00 00
2448-2463: 00 00 00 00 00 00 00 00 00 00 00 00 00 00 00 00
2464-2479: 00 00 00 00 00 00 00 00 00 00 00 00 00 00 00 00
2480-2495: 00 00 00 00 00 00 00 00 00 00 00 00 00 00 00 00
2496-2511: 00 00 00 00 00 00 00 00 00 00 00 00 00 00 00 00
2512-2527: 00 00 00 00 00 00 00 00 00 00 00 00 00 00 00 00
2528-2543: 00 00 00 00 00 00 00 00 00 00 00 00 00 00 00 00
2544-2559: 00 00 00 00 00 00 00 00 00 00 00 00 00 00 00 00
2560-2575: 00 00 00 00 00 00 00 00 00 00 00 00 00 00 00 00
2576-2591: 00 00 00 00 00 00 00 00 00 00 00 00 00 00 00 00
2592-2607: 00 00 00 00 00 00 00 00 00 00 00 00 00 00 00 00
2608-2623: 00 00 00 00 00 00 00 00 00 00 00 00 00 00 00 00
2624-2639: 00 00 00 00 00 00 00 00 00 00 00 00 00 00 00 00
2640-2655: 00 00 00 00 00 00 00 00 00 00 00 00 00 00 00 00
2656-2671: 00 00 00 00 00 00 00 00 00 00 00 00 00 00 00 00
2672-2687: 00 00 00 00 00 00 00 00 00 00 00 00 00 00 00 00
2688-2703: 00 00 00 00 00 00 00 00 00 00 00 00 00 00 00 00
2704-2719: 00 00 00 00 00 00 00 00 00 00 00 00 00 00 00 00
2720-2735: 00 00 00 00 00 00 00 00 00 00 00 00 00 00 00 00
2736-2751: 00 00 00 00 00 00 00 00 00 00 00 00 00 00 00 00
2752-2767: 00 00 00 00 00 00 00 00 00 00 00 00 00 00 00 00
2768-2783: 00 00 00 00 00 00 00 00 00 00 00 00 00 00 00 00
2784-2799: 00 00 00 00 00 00 00 00 00 00 00 00 00 00 00 00
2800-2815: 00 00 00 00 00 00 00 00 00 00 00 00 00 00 00 00
2816-2831: 00 00 00 00 00 00 00 00 00 00 00 00 00 00 00 00
2832-2847: 00 00 00 00 00 00 00 00 00 00 00 00 00 00 00 00
2848-2863: 00 00 00 00 00 00 00 00 00 00 00 00 00 00 00 00
2864-2879: 00 00 00 00 00 00 00 00 00 00 00 00 00 00 00 00
2880-2895: 00 00 00 00 00 00 00 00 00 00 00 00 00 00 00 00
2896-2911: 00 00 00 00 00 00 00 00 00 00 00 00 00 00 00 00
2912-2927: 00 00 00 00 00 00 00 00 00 00 00 00 00 00 00 00
2928-2943: 00 00 00 00 00 00 00 00 00 00 00 00 00 00 00 00
2944-2959: 00 00 00 00 00 00 00 00 00 00 00 00 00 00 00 00
2960-2975: 00 00 00 00 00 00 00 00 00 00 00 00 00 00 00 00
2976-2991: 00 00 00 00 00 00 00 00 00 00 00 00 00 00 00 00
2992-3007: 00 00 00 00 00 00 00 00 00 00 00 00 00 00 00 00
3008-3023: 00 00 00 00 00 00 00 00 00 00 00 00 00 00 00 00
3024-3039: 00 00 00 00 00 00 00 00 00 00 00 00 00 00 00 00
3040-3055: 00 00 00 00 00 00 00 00 00 00 00 00 00 00 00 00
3056-3071: 00 00 00 00 00 00 00 00 00 00 00 00 00 00 00 00
3072-3087: 00 00 00 00 00 00 00 00 00 00 00 00 00 00 00 00
3088-3103: 00 00 00 00 00 00 00 00 00 00 00 00 00 00 00 00
3104-3119: 00 00 00 00 00 00 00 00 00 00 00 00 00 00 00 00
3120-3135: 00 00 00 00 00 00 00 00 00 00 00 00 00 00 00 00
3136-3151: 00 00 00 00 00 00 00 00 00 00 00 00 00 00 00 00
3152-3167: 00 00 00 00 00 00 00 00 00 00 00 00 00 00 00 00
3168-3183: 00 00 00 00 00 00 00 00 00 00 00 00 00 00 00 00
3184-3199: 00 00 00 00 00 00 00 00 00 00 00 00 00 00 00 00
3200-3215: 00 00 00 00 00 00 00 00 00 00 00 00 00 00 00 00
3216-3231: 00 00 00 00 00 00 00 00 00 00 00 00 00 00 00 00
3232-3247: 00 00 00 00 00 00 00 00 00 00 00 00 00 00 00 00
3248-3263: 00 00 00 00 00 00 00 00 00 00 00 00 00 00 00 00
3264-3279: 00 00 00 00 00 00 00 00 00 00 00 00 00 00 00 00
3280-3295: 00 00 00 00 00 00 00 00 00 00 00 00 00 00 00 00
3296-3311: 00 00 00 00 00 00 00 00 00 00 00 00 00 00 00 00
3312-3327: 00 00 00 00 00 00 00 00 00 00 00 00 00 00 00 00
3328-3343: 00 00 00 00 00 00 00 00 00 00 00 00 00 00 00 00
3344-3359: 00 00 00 00 00 00 00 00 00 00 00 00 00 00 00 00
3360-3375: 00 00 00 00 00 00 00 00 00 00 00 00 00 00 00 00
3376-3391: 00 00 00 00 00 00 00 00 00 00 00 00 00 00 00 00
3392-3407: 00 00 00 00 00 00 00 00 00 00 00 00 00 00 00 00
3408-3423: 00 00 00 00 00 00 00 00 00 00 00 00 00 00 00 00
3424-3439: 00 00 00 00 00 00 00 00 00 00 00 00 00 00 00 00
3440-3455: 00 00 00 00 00 00 00 00 00 00 00 00 00 00 00 00
3456-3471: 00 00 00 00 00 00 00 00 00 00 00 00 00 00 00 00
3472-3487: 00 00 00 00 00 00 00 00 00 00 00 00 00 00 00 00
3488-3503: 00 00 00 00 00 00 00 00 00 00 00 00 00 00 00 00
3504-3519: 00 00 00 00 00 00 00 00 00 00 00 00 00 00 00 00
3520-3535: 00 00 00 00 00 00 00 00 00 00 00 00 00 00 00 00
3536-3551: 00 00 00 00 00 00 00 00 00 00 00 00 00 00 00 00
3552-3567: 00 00 00 00 00 00 00 00 00 00 00 00 00 00 00 00
3568-3583: 00 00 00 00 00 00 00 00 00 00 00 00 00 00 00 00
3584-3599: 00 00 00 00 00 00 00 00 00 00 00 00 00 00 00 00
3600-3615: 00 00 00 00 00 00 00 00 00 00 00 00 00 00 00 00
3616-3631: 00 00 00 00 00 00 00 00 00 00 00 00 00 00 00 00
3632-3647: 00 00 00 00 00 00 00 00 00 00 00 00 00 00 00 00
3648-3663: 00 00 00 00 00 00 00 00 00 00 00 00 00 00 00 00
3664-3679: 00 00 00 00 00 00 00 00 00 00 00 00 00 00 00 00
3680-3695: 00 00 00 00 00 00 00 00 00 00 00 00 00 00 00 00
3696-3711: 00 00 00 00 00 00 00 00 00 00 00 00 00 00 00 00
3712-3727: 00 00 00 00 00 00 00 00 00 00 00 00 00 00 00 00
3728-3743: 00 00 00 00 00 00 00 00 00 00 00 00 00 00 00 00
3744-3759: 00 00 00 00 00 00 00 00 00 00 00 00 00 00 00 00
3760-3775: 00 00 00 00 00 00 00 00 00 00 00 00 00 00 00 00
3776-3791: 00 00 00 00 00 00 00 00 00 00 00 00 00 00 00 00
3792-3807: 00 00 00 00 00 00 00 00 00 00 00 00 00 00 00 00
3808-3823: 00 00 00 00 00 00 00 00 00 00 00 00 00 00 00 00
3824-3839: 00 00 00 00 00 00 00 00 00 00 00 00 00 00 00 00
3840-3855: 00 00 00 00 00 00 00 00 00 00 00 00 00 00 00 00
3856-3871: 00 00 00 00 00 00 00 00 00 00 00 00 00 00 00 00
3872-3887: 00 00 00 00 00 00 00 00 00 00 00 00 00 00 00 00
3888-3903: 00 00 00 00 00 00 00 00 00 00 00 00 00 00 00 00
3904-3919: 00 00 00 00 00 00 00 00 00 00 00 00 00 00 00 00
3920-3935: 00 00 00 00 00 00 00 00 00 00 00 00 00 00 00 00
3936-3951: 00 00 00 00 00 00 00 00 00 00 00 00 00 00 00 00
3952-3967: 00 00 00 00 00 00 00 00 00 00 00 00 00 00 00 00
3968-3983: 00 00 00 00 00 00 00 00 00 00 00 00 00 00 00 00
3984-3999: 00 00 00 00 00 00 00 00 00 00 00 00 00 00 00 00
4000-4015: 00 00 00 00 00 00 00 00 00 00 00 00 00 00 00 00
4016-4031: 00 00 00 00 00 00 00 00 00 00 00 00 00 00 00 00
4032-4047: 00 00 00 00 00 00 00 00 00 00 00 00 00 00 00 00
4048-4063: 00 00 00 00 00 00 00 00 00 00 00 00 00 00 00 00
4064-4079: 00 00 00 00 00 00 00 00 00 00 00 00 00 00 00 00
4080-4095: 00 00 00 00 00 00 00 00 00 00 00 00 00 00 00 00
4096-4111: 00 00 00 00 00 00 00 00 00 00 00 00 00 00 00 00
4112-4127: 00 00 00 00 00 00 00 00 00 00 00 00 00 00 00 00
4128-4143: 00 00 00 00 00 00 00 00 00 00 00 00 00 00 00 00
4144-4159: 00 00 00 00 00 00 00 00 00 00 00 00 00 00 00 00
4160-4175: 00 00 00 00 00 00 00 00 00 00 00 00 00 00 00 00
4176-4191: 00 00 00 00 00 00 00 00 00 00 00 00 00 00 00 00
4192-4207: 00 00 00 00 00 00 00 00 00 00 00 00 00 00 00 00
4208-4223: 00 00 00 00 00 00 00 00 00 00 00 00 00 00 00 00
4224-4239: 00 00 00 00 00 00 00 00 00 00 00 00 00 00 00 00
4240-4255: 00 00 00 00 00 00 00 00 00 00 00 00 00 00 00 00
4256-4271: 00 00 00 00 00 00 00 00 00 00 00 00 00 00 00 00
4272-4287: 00 00 00 00 00 00 00 00 00 00 00 00 00 00 00 00
4288-4303: 00 00 00 00 00 00 00 00 00 00 00 00 00 00 00 00
4304-4319: 00 00 00 00 00 00 00 00 00 00 00 00 00 00 00 00
4320-4335: 00 00 00 00 00 00 00 00 00 00 00 00 00 00 00 00
4336-4351: 00 00 00 00 00 00 00 00 00 00 00 00 00 00 00 00
4352-4367: 00 00 00 00 00 00 00 00 00 00 00 00 00 00 00 00
4368-4383: 00 00 00 00 00 00 00 00 00 00 00 00 00 00 00 00
4384-4399: 00 00 00 00 00 00 00 00 00 00 00 00 00 00 00 00
4400-4415: 00 00 00 00 00 00 00 00 00 00 00 00 00 00 00 00
4416-4431: 00 00 00 00 00 00 00 00 00 00 00 00 00 00 00 00
4432-4447: 00 00 00 00 00 00 00 00 00 00 00 00 00 00 00 00
4448-4463: 00 00 00 00 00 00 00 00 00 00 00 00 00 00 00 00
4464-4479: 00 00 00 00 00 00 00 00 00 00 00 00 00 00 00 00
4480-4495: 00 00 00 00 00 00 00 00 00 00 00 00 00 00 00 00
4496-4511: 00 00 00 00 00 00 00 00 00 00 00 00 00 00 00 00
4512-4527: 00 00 00 00 00 00 00 00 00 00 00 00 00 00 00 00
4528-4543: 00 00 00 00 00 00 00 00 00 00 00 00 00 00 00 00
4544-4559: 00 00 00 00 00 00 00 00 00 00 00 00 00 00 00 00
4560-4575: 00 00 00 00 00 00 00 00 00 00 00 00 00 00 00 00
4576-4591: 00 00 00 00 00 00 00 00 00 00 00 00 00 00 00 00
4592-4607: 00 00 00 00 00 00 00 00 00 00 00 00 00 00 00 00
4608-4623: 00 00 00 00 00 00 00 00 00 00 00 00 00 00 00 00
4624-4639: 00 00 00 00 00 00 00 00 00 00 00 00 00 00 00 00
4640-4655: 00 00 00 00 00 00 00 00 00 00 00 00 00 00 00 00
4656-4671: 00 00 00 00 00 00 00 00 00 00 00 00 00 00 00 00
4672-4687: 00 00 00 00 00 00 00 00 00 00 00 00 00 00 00 00
4688-4703: 00 00 00 00 00 00 00 00 00 00 00 00 00 00 00 00
4704-4719: 00 00 00 00 00 00 00 00 00 00 00 00 00 00 00 00
4720-4735: 00 00 00 00 00 00 00 00 00 00 00 00 00 00 00 00
4736-4751: 00 00 00 00 00 00 00 00 00 00 00 00 00 00 00 00
4752-4767: 00 00 00 00 00 00 00 00 00 00 00 00 00 00 00 00
4768-4783: 00 00 00 00 00 00 00 00 00 00 00 00 00 00 00 00
4784-4799: 00 00 00 00 00 00 00 00 00 00 00 00 00 00 00 00
4800-4815: 00 00 00 00 00 00 00 00 00 00 00 00 00 00 00 00
4816-4831: 00 00 00 00 00 00 00 00 00 00 00 00 00 00 00 00
4832-4847: 00 00 00 00 00 00 00 00 00 00 00 00 00 00 00 00
4848-4863: 00 00 00 00 00 00 00 00 00 00 00 00 00 00 00 00
4864-4879: 00 00 00 00 00 00 00 00 00 00 00 00 00 00 00 00
4880-4895: 00 00 00 00 00 00 00 00 00 00 00 00 00 00 00 00
4896-4911: 00 00 00 00 00 00 00 00 00 00 00 00 00 00 00 00
4912-4927: 00 00 00 00 00 00 00 00 00 00 00 00 00 00 00 00
4928-4943: 00 00 00 00 00 00 00 00 00 00 00 00 00 00 00 00
4944-4959: 00 00 00 00 00 00 00 00 00 00 00 00 00 00 00 00
4960-4975: 00 00 00 00 00 00 00 00 00 00 00 00 00 00 00 00
4976-4991: 00 00 00 00 00 00 00 00 00 00 00 00 00 00 00 00
4992-5007: 00 00 00 00 00 00 00 00 00 00 00 00 00 00 00 00
5008-5023: 00 00 00 00 00 00 00 00 00 00 00 00 00 00 00 00
5024-5039: 00 00 00 00 00 00 00 00 00 00 00 00 00 00 00 00
5040-5055: 00 00 00 00 00 00 00 00 00 00 00 00 00 00 00 00
5056-5071: 00 00 00 00 00 00 00 00 00 00 00 00 00 00 00 00
5072-5087: 00 00 00 00 00 00 00 00 00 00 00 00 00 00 00 00
5088-5103: 00 00 00 00 00 00 00 00 00 00 00 00 00 00 00 00
5104-5119: 00 00 00 00 00 00 00 00 00 00 00 00 00 00 00 00
5120-5135: 00 00 00 00 00 00 00 00 00 00 00 00 00 00 00 00
5136-5151: 00 00 00 00 00 00 00 00 00 00 00 00 00 00 00 00
5152-5167: 00 00 00 00 00 00 00 00 00 00 00 00 00 00 00 00
5168-5183: 00 00 00 00 00 00 00 00 00 00 00 00 00 00 00 00
5184-5199: 00 00 00 00 00 00 00 00 00 00 00 00 00 00 00 00
5200-5215: 00 00 00 00 00 00 00 00 00 00 00 00 00 00 00 00
5216-5231: 00 00 00 00 00 00 00 00 00 00 00 00 00 00 00 00
5232-5247: 00 00 00 00 00 00 00 00 00 00 00 00 00 00 00 00
5248-5263: 00 00 00 00 00 00 00 00 00 00 00 00 00 00 00 00
5264-5279: 00 00 00 00 00 00 00 00 00 00 00 00 00 00 00 00
5280-5295: 00 00 00 00 00 00 00 00 00 00 00 00 00 00 00 00
5296-5311: 00 00 00 00 00 00 00 00 00 00 00 00 00 00 00 00
5312-5327: 00 00 00 00 00 00 00 00 00 00 00 00 00 00 00 00
5328-5343: 00 00 00 00 00 00 00 00 00 00 00 00 00 00 00 00
5344-5359: 00 00 00 00 00 00 00 00 00 00 00 00 00 00 00 00
5360-5375: 00 00 00 00 00 00 00 00 00 00 00 00 00 00 00 00
5376-5391: 00 00 00 00 00 00 00 00 00 00 00 00 00 00 00 00
5392-5407: 00 00 00 00 00 00 00 00 00 00 00 00 00 00 00 00
5408-5423: 00 00 00 00 00 00 00 00 00 00 00 00 00 00 00 00
5424-5439: 00 00 00 00 00 00 00 00 00 00 00 00 00 00 00 00
5440-5455: 00 00 00 00 00 00 00 00 00 00 00 00 00 00 00 00
5456-5471: 00 00 00 00 00 00 00 00 00 00 00 00 00 00 00 00
5472-5487: 00 00 00 00 00 00 00 00 00 00 00 00 00 00 00 00
5488-5503: 00 00 00 00 00 00 00 00 00 00 00 00 00 00 00 00
5504-5519: 00 00 00 00 00 00 00 00 00 00 00 00 00 00 00 00
5520-5535: 00 00 00 00 00 00 00 00 00 00 00 00 00 00 00 00
5536-5551: 00 00 00 00 00 00 00 00 00 00 00 00 00 00 00 00
5552-5567: 00 00 00 00 00 00 00 00 00 00 00 00 00 00 00 00
5568-5583: 00 00 00 00 00 00 00 00 00 00 00 00 00 00 00 00
5584-5599: 00 00 00 00 00 00 00 00 00 00 00 00 00 00 00 00
5600-5615: 00 00 00 00 00 00 00 00 00 00 00 00 00 00 00 00
5616-5631: 00 00 00 00 00 00 00 00 00 00 00 00 00 00 00 00
5632-5647: 00 00 00 00 00 00 00 00 00 00 00 00 00 00 00 00
5648-5663: 00 00 00 00 00 00 00 00 00 00 00 00 00 00 00 00
5664-5679: 00 00 00 00 00 00 00 00 00 00 00 00 00 00 00 00
5680-5695: 00 00 00 00 00 00 00 00 00 00 00 00 00 00 00 00
5696-5711: 00 00 00 00 00 00 00 00 00 00 00 00 00 00 00 00
5712-5727: 00 00 00 00 00 00 00 00 00 00 00 00 00 00 00 00
5728-5743: 00 00 00 00 00 00 00 00 00 00 00 00 00 00 00 00
5744-5759: 00 00 00 00 00 00 00 00 00 00 00 00 00 00 00 00
5760-5775: 00 00 00 00 00 00 00 00 00 00 00 00 00 00 00 00
5776-5791: 00 00 00 00 00 00 00 00 00 00 00 00 00 00 00 00
5792-5807: 00 00 00 00 00 00 00 00 00 00 00 00 00 00 00 00
5808-5823: 00 00 00 00 00 00 00 00 00 00 00 00 00 00 00 00
5824-5839: 00 00 00 00 00 00 00 00 00 00 00 00 00 00 00 00
5840-5855: 00 00 00 00 00 00 00 00 00 00 00 00 00 00 00 00
5856-5871: 00 00 00 00 00 00 00 00 00 00 00 00 00 00 00 00
5872-5887: 00 00 00 00 00 00 00 00 00 00 00 00 00 00 00 00
5888-5903: 00 00 00 00 00 00 00 00 00 00 00 00 00 00 00 00
5904-5919: 00 00 00 00 00 00 00 00 00 00 00 00 00 00 00 00
5920-5935: 00 00 00 00 00 00 00 00 00 00 00 00 00 00 00 00
5936-5951: 00 00 00 00 00 00 00 00 00 00 00 00 00 00 00 00
5952-5967: 00 00 00 00 00 00 00 00 00 00 00 00 00 00 00 00
5968-5983: 00 00 00 00 00 00 00 00 00 00 00 00 00 00 00 00
5984-5999: 00 00 00 00 00 00 00 00 00 00 00 00 00 00 00 00
6000-6015: 00 00 00 00 00 00 00 00 00 00 00 00 00 00 00 00
6016-6031: 00 00 00 00 00 00 00 00 00 00 00 00 00 00 00 00
6032-6047: 00 00 00 00 00 00 00 00 00 00 00 00 00 00 00 00
6048-6063: 00 00 00 00 00 00 00 00 00 00 00 00 00 00 00 00
6064-6079: 00 00 00 00 00 00 00 00 00 00 00 00 00 00 00 00
6080-6095: 00 00 00 00 00 00 00 00 00 00 00 00 00 00 00 00
6096-6111: 00 00 00 00 00 00 00 00 00 00 00 00 00 00 00 00
6112-6127: 00 00 00 00 00 00 00 00 00 00 00 00 00 00 00 00
6128-6143: 00 00 00 00 00 00 00 00 00 00 00 00 00 00 00 00
6144-6159: 00 00 00 00 00 00 00 00 00 00 00 00 00 00 00 00
6160-6175: 00 00 00 00 00 00 00 00 00 00 00 00 00 00 00 00
6176-6191: 00 00 00 00 00 00 00 00 00 00 00 00 00 00 00 00
6192-6207: 00 00 00 00 00 00 00 00 00 00 00 00 00 00 00 00
6208-6223: 00 00 00 00 00 00 00 00 00 00 00 00 00 00 00 00
6224-6239: 00 00 00 00 00 00 00 00 00 00 00 00 00 00 00 00
6240-6255: 00 00 00 00 00 00 00 00 00 00 00 00 00 00 00 00
6256-6271: 00 00 00 00 00 00 00 00 00 00 00 00 00 00 00 00
6272-6287: 00 00 00 00 00 00 00 00 00 00 00 00 00 00 00 00
6288-6303: 00 00 00 00 00 00 00 00 00 00 00 00 00 00 00 00
6304-6319: 00 00 00 00 00 00 00 00 00 00 00 00 00 00 00 00
6320-6335: 00 00 00 00 00 00 00 00 00 00 00 00 00 00 00 00
6336-6351: 00 00 00 00 00 00 00 00 00 00 00 00 00 00 00 00
6352-6367: 00 00 00 00 00 00 00 00 00 00 00 00 00 00 00 00
6368-6383: 00 00 00 00 00 00 00 00 00 00 00 00 00 00 00 00
6384-6399: 00 00 00 00 00 00 00 00 00 00 00 00 00 00 00 00
6400-6415: 00 00 00 00 00 00 00 00 00 00 00 00 00 00 00 00
6416-6431: 00 00 00 00 00 00 00 00 00 00 00 00 00 00 00 00
6432-6447: 00 00 00 00 00 00 00 00 00 00 00 00 00 00 00 00
6448-6463: 00 00 00 00 00 00 00 00 00 00 00 00 00 00 00 00
6464-6479: 00 00 00 00 00 00 00 00 00 00 00 00 00 00 00 00
6480-6495: 00 00 00 00 00 00 00 00 00 00 00 00 00 00 00 00
6496-6511: 00 00 00 00 00 00 00 00 00 00 00 00 00 00 00 00
6512-6527: 00 00 00 00 00 00 00 00 00 00 00 00 00 00 00 00
6528-6543: 00 00 00 00 00 00 00 00 00 00 00 00 00 00 00 00
6544-6559: 00 00 00 00 00 00 00 00 00 00 00 00 00 00 00 00
6560-6575: 00 00 00 00 00 00 00 00 00 00 00 00 00 00 00 00
6576-6591: 00 00 00 00 00 00 00 00 00 00 00 00 00 00 00 00
6592-6607: 00 00 00 00 00 00 00 00 00 00 00 00 00 00 00 00
6608-6623: 00 00 00 00 00 00 00 00 00 00 00 00 00 00 00 00
6624-6639: 00 00 00 00 00 00 00 00 00 00 00 00 00 00 00 00
6640-6655: 00 00 00 00 00 00 00 00 00 00 00 00 00 00 00 00
6656-6671: 00 00 00 00 00 00 00 00 00 00 00 00 00 00 00 00
6672-6687: 00 00 00 00 00 00 00 00 00 00 00 00 00 00 00 00
6688-6703: 00 00 00 00 00 00 00 00 00 00 00 00 00 00 00 00
6704-6719: 00 00 00 00 00 00 00 00 00 00 00 00 00 00 00 00
6720-6735: 00 00 00 00 00 00 00 00 00 00 00 00 00 00 00 00
6736-6751: 00 00 00 00 00 00 00 00 00 00 00 00 00 00 00 00
6752-6767: 00 00 00 00 00 00 00 00 00 00 00 00 00 00 00 00
6768-6783: 00 00 00 00 00 00 00 00 00 00 00 00 00 00 00 00
6784-6799: 00 00 00 00 00 00 00 00 00 00 00 00 00 00 00 00
6800-6815: 00 00 00 00 00 00 00 00 00 00 00 00 00 00 00 00
6816-6831: 00 00 00 00 00 00 00 00 00 00 00 00 00 00 00 00
6832-6847: 00 00 00 00 00 00 00 00 00 00 00 00 00 00 00 00
6848-6863: 00 00 00 00 00 00 00 00 00 00 00 00 00 00 00 00
6864-6879: 00 00 00 00 00 00 00 00 00 00 00 00 00 00 00 00
6880-6895: 00 00 00 00 00 00 00 00 00 00 00 00 00 00 00 00
6896-6911: 00 00 00 00 00 00 00 00 00 00 00 00 00 00 00 00
6912-6927: 00 00 00 00 00 00 00 00 00 00 00 00 00 00 00 00
6928-6943: 00 00 00 00 00 00 00 00 00 00 00 00 00 00 00 00
6944-6959: 00 00 00 00 00 00 00 00 00 00 00 00 00 00 00 00
6960-6975: 00 00 00 00 00 00 00 00 00 00 00 00 00 00 00 00
6976-6991: 00 00 00 00 00 00 00 00 00 00 00 00 00 00 00 00
6992-7007: 00 00 00 00 00 00 00 00 00 00 00 00 00 00 00 00
7008-7023: 00 00 00 00 00 00 00 00 00 00 00 00 00 00 00 00
7024-7039: 00 00 00 00 00 00 00 00 00 00 00 00 00 00 00 00
7040-7055: 00 00 00 00 00 00 00 00 00 00 00 00 00 00 00 00
7056-7071: 00 00 00 00 00 00 00 00 00 00 00 00 00 00 00 00
7072-7087: 00 00 00 00 00 00 00 00 00 00 00 00 00 00 00 00
7088-7103: 00 00 00 00 00 00 00 00 00 00 00 00 00 00 00 00
7104-7119: 00 00 00 00 00 00 00 00 00 00 00 00 00 00 00 00
7120-7135: 00 00 00 00 00 00 00 00 00 00 00 00 00 00 00 00
7136-7151: 00 00 00 00 00 00 00 00 00 00 00 00 00 00 00 00
7152-7167: 00 00 00 00 00 00 00 00 00 00 00 00 00 00 00 00
7168-7183: 00 00 00 00 00 00 00 00 00 00 00 00 00 00 00 00
7184-7199: 00 00 00 00 00 00 00 00 00 00 00 00 00 00 00 00
7200-7215: 00 00 00 00 00 00 00 00 00 00 00 00 00 00 00 00
7216-7231: 00 00 00 00 00 00 00 00 00 00 00 00 00 00 00 00
7232-7247: 00 00 00 00 00 00 00 00 00 00 00 00 00 00 00 00
7248-7263: 00 00 00 00 00 00 00 00 00 00 00 00 00 00 00 00
7264-7279: 00 00 00 00 00 00 00 00 00 00 00 00 00 00 00 00
7280-7295: 00 00 00 00 00 00 00 00 00 00 00 00 00 00 00 00
7296-7311: 00 00 00 00 00 00 00 00 00 00 00 00 00 00 00 00
7312-7327: 00 00 00 00 00 00 00 00 00 00 00 00 00 00 00 00
7328-7343: 00 00 00 00 00 00 00 00 00 00 00 00 00 00 00 00
7344-7359: 00 00 00 00 00 00 00 00 00 00 00 00 00 00 00 00
7360-7375: 00 00 00 00 00 00 00 00 00 00 00 00 00 00 00 00
7376-7391: 00 00 00 00 00 00 00 00 00 00 00 00 00 00 00 00
7392-7407: 00 00 00 00 00 00 00 00 00 00 00 00 00 00 00 00
7408-7423: 00 00 00 00 00 00 00 00 00 00 00 00 00 00 00 00
7424-7439: 00 00 00 00 00 00 00 00 00 00 00 00 00 00 00 00
7440-7455: 00 00 00 00 00 00 00 00 00 00 00 00 00 00 00 00
7456-7471: 00 00 00 00 00 00 00 00 00 00 00 00 00 00 00 00
7472-7487: 00 00 00 00 00 00 00 00 00 00 00 00 00 00 00 00
7488-7503: 00 00 00 00 00 00 00 00 00 00 00 00 00 00 00 00
7504-7519: 00 00 00 00 00 00 00 00 00 00 00 00 00 00 00 00
7520-7535: 00 00 00 00 00 00 00 00 00 00 00 00 00 00 00 00
7536-7551: 00 00 00 00 00 00 00 00 00 00 00 00 00 00 00 00
7552-7567: 00 00 00 00 00 00 00 00 00 00 00 00 00 00 00 00
7568-7583: 00 00 00 00 00 00 00 00 00 00 00 00 00 00 00 00
7584-7599: 00 00 00 00 00 00 00 00 00 00 00 00 00 00 00 00
7600-7615: 00 00 00 00 00 00 00 00 00 00 00 00 00 00 00 00
7616-7631: 00 00 00 00 00 00 00 00 00 00 00 00 00 00 00 00
7632-7647: 00 00 00 00 00 00 00 00 00 00 00 00 00 00 00 00
7648-7663: 00 00 00 00 00 00 00 00 00 00 00 00 00 00 00 00
7664-7679: 00 00 00 00 00 00 00 00 00 00 00 00 00 00 00 00
7680-7695: 00 00 00 00 00 00 00 00 00 00 00 00 00 00 00 00
7696-7711: 00 00 00 00 00 00 00 00 00 00 00 00 00 00 00 00
7712-7727: 00 00 00 00 00 00 00 00 00 00 00 00 00 00 00 00
7728-7743: 00 00 00 00 00 00 00 00 00 00 00 00 00 00 00 00
7744-7759: 00 00 00 00 00 00 00 00 00 00 00 00 00 00 00 00
7760-7775: 00 00 00 00 00 00 00 00 00 00 00 00 00 00 00 00
7776-7791: 00 00 00 00 00 00 00 00 00 00 00 00 00 00 00 00
7792-7807: 00 00 00 00 00 00 00 00 00 00 00 00 00 00 00 00
7808-7823: 00 00 00 00 00 00 00 00 00 00 00 00 00 00 00 00
7824-7839: 00 00 00 00 00 00 00 00 00 00 00 00 00 00 00 00
7840-7855: 00 00 00 00 00 00 00 00 00 00 00 00 00 00 00 00
7856-7871: 00 00 00 00 00 00 00 00 00 00 00 00 00 00 00 00
7872-7887: 00 00 00 00 00 00 00 00 00 00 00 00 00 00 00 00
7888-7903: 00 00 00 00 00 00 00 00 00 00 00 00 00 00 00 00
7904-7919: 00 00 00 00 00 00 00 00 00 00 00 00 00 00 00 00
7920-7935: 00 00 00 00 00 00 00 00 00 00 00 00 00 00 00 00
7936-7951: 00 00 00 00 00 00 00 00 00 00 00 00 00 00 00 00
7952-7967: 00 00 00 00 00 00 00 00 00 00 00 00 00 00 00 00
7968-7983: 00 00 00 00 00 00 00 00 00 00 00 00 00 00 00 00
7984-7999: 00 00 00 00 00 00 00 00 00 00 00 00 00 00 00 00
8000-8015: 00 00 00 00 00 00 00 00 00 00 00 00 00 00 00 00
8016-8031: 00 00 00 00 00 00 00 00 00 00 00 00 00 00 00 00
8032-8047: 00 00 00 00 00 00 00 00 00 00 00 00 00 00 00 00
8048-8063: 00 00 00 00 00 00 00 00 00 00 00 00 00 00 00 00
8064-8079: 00 00 00 00 00 00 00 00 00 00 00 00 00 00 00 00
8080-8095: 00 00 00 00 00 00 00 00 00 00 00 00 00 00 00 00
8096-8111: 00 00 00 00 00 00 00 00 00 00 00 00 00 00 00 00
8112-8127: 00 00 00 00 00 00 00 00 00 00 00 00 00 00 00 00
8128-8143: 00 00 00 00 00 00 00 00 00 00 00 00 00 00 00 00
8144-8159: 00 00 00 00 00 00 00 00 00 00 00 00 00 00 00 00
8160-8175: 00 00 00 00 00 00 00 00 00 00 00 00 00 00 00 00
8176-8191: 00 00 00 00 00 00 00 00 00 00 00 00 00 00 00 00
8192-8207: 00 00 00 00 00 00 00 00 00 00 00 00 00 00 00 00
===== [LUN DATA] DATA END (8200 Bytes) =====

  cciss_getlun(3, 0) = 0x0; scsi3addr: 00 00 00 c0 00 00 00 01
  status=0
  Incoming data, len=512 [only first 256 bytes shown]:
 00     01 00 05 33 00 64 64 00  00 00 00 00 00 00 09 32
 10     00 5d 5d f6 80 00 00 00  00 00 0c 32 00 63 63 28
 20     00 00 00 00 00 00 b1 13  00 61 61 3b 00 00 00 00
 30     00 00 b3 13 00 64 64 00  00 00 00 00 00 00 b5 32
 40     00 64 64 00 00 00 00 00  00 00 b6 32 00 64 64 00
 50     00 00 00 00 00 00 b7 13  00 64 64 00 00 00 00 00
 60     00 00 bb 32 00 64 64 00  00 00 00 00 00 00 be 32
 70     00 4e 37 16 00 00 00 00  00 00 c3 1a 00 c8 c8 00
 80     00 00 00 00 00 00 c7 3e  00 64 64 00 00 00 00 00
 90     00 00 eb 12 00 63 63 26  00 00 00 00 00 00 f1 32
 a0     00 63 63 8c b6 34 8e 07  00 00 00 00 00 00 00 00
 b0     00 00 00 00 00 00 00 00  00 00 00 00 00 00 00 00
 c0     00 00 00 00 00 00 00 00  00 00 00 00 00 00 00 00
 d0     00 00 00 00 00 00 00 00  00 00 00 00 00 00 00 00
 e0     00 00 00 00 00 00 00 00  00 00 00 00 00 00 00 00
 f0     00 00 00 00 00 00 00 00  00 00 00 00 00 00 00 00
 [Duration: 0.058s]
REPORT-IOCTL: Device=/dev/sg1 Command=SMART READ ATTRIBUTE VALUES returned 0

===== [SMART READ ATTRIBUTE VALUES] DATA START (BASE-16) =====
000-015: 01 00 05 33 00 64 64 00 00 00 00 00 00 00 09 32 |...3.dd........2|
016-031: 00 5d 5d f6 80 00 00 00 00 00 0c 32 00 63 63 28 |.]]........2.cc(|
032-047: 00 00 00 00 00 00 b1 13 00 61 61 3b 00 00 00 00 |.........aa;....|
048-063: 00 00 b3 13 00 64 64 00 00 00 00 00 00 00 b5 32 |.....dd........2|
064-079: 00 64 64 00 00 00 00 00 00 00 b6 32 00 64 64 00 |.dd........2.dd.|
080-095: 00 00 00 00 00 00 b7 13 00 64 64 00 00 00 00 00 |.........dd.....|
096-111: 00 00 bb 32 00 64 64 00 00 00 00 00 00 00 be 32 |...2.dd........2|
112-127: 00 4e 37 16 00 00 00 00 00 00 c3 1a 00 c8 c8 00 |.N7.............|
128-143: 00 00 00 00 00 00 c7 3e 00 64 64 00 00 00 00 00 |.......>.dd.....|
144-159: 00 00 eb 12 00 63 63 26 00 00 00 00 00 00 f1 32 |.....cc&.......2|
160-175: 00 63 63 8c b6 34 8e 07 00 00 00 00 00 00 00 00 |.cc..4..........|
176-191: 00 00 00 00 00 00 00 00 00 00 00 00 00 00 00 00 |................|
192-207: 00 00 00 00 00 00 00 00 00 00 00 00 00 00 00 00 |................|
208-223: 00 00 00 00 00 00 00 00 00 00 00 00 00 00 00 00 |................|
224-239: 00 00 00 00 00 00 00 00 00 00 00 00 00 00 00 00 |................|
240-255: 00 00 00 00 00 00 00 00 00 00 00 00 00 00 00 00 |................|
256-271: 00 00 00 00 00 00 00 00 00 00 00 00 00 00 00 00 |................|
272-287: 00 00 00 00 00 00 00 00 00 00 00 00 00 00 00 00 |................|
288-303: 00 00 00 00 00 00 00 00 00 00 00 00 00 00 00 00 |................|
304-319: 00 00 00 00 00 00 00 00 00 00 00 00 00 00 00 00 |................|
320-335: 00 00 00 00 00 00 00 00 00 00 00 00 00 00 00 00 |................|
336-351: 00 00 00 00 00 00 00 00 00 00 00 00 00 00 00 00 |................|
352-367: 00 00 00 00 00 00 00 00 00 00 80 00 00 00 00 53 |...............S|
368-383: 03 00 01 00 02 ff 00 09 01 00 00 00 00 00 00 00 |................|
384-399: 00 00 00 00 00 00 00 00 00 00 00 00 00 00 00 00 |................|
400-415: 00 00 00 00 00 00 00 00 00 00 00 00 00 00 00 00 |................|
416-431: 00 00 00 00 00 00 00 00 00 00 00 00 00 00 00 00 |................|
432-447: 00 00 00 00 00 00 00 00 00 00 00 00 00 00 00 00 |................|
448-463: 00 00 00 00 00 00 00 00 00 00 00 00 00 00 00 00 |................|
464-479: 00 00 00 00 00 00 00 00 00 00 00 00 00 00 00 00 |................|
480-495: 00 00 00 00 00 00 00 00 00 00 00 00 00 00 00 00 |................|
496-511: 00 00 00 00 00 00 00 00 00 00 00 00 00 00 00 ef |................|
===== [SMART READ ATTRIBUTE VALUES] DATA END (512 Bytes) =====


REPORT-IOCTL: Device=/dev/sg1 Command=SMART READ ATTRIBUTE THRESHOLDS
 Input:   FR=0xd1, SC=0x01, LL=0x01, LM=0x4f, LH=0xc2, DEV=...., CMD=0xb0 IN

===== [LUN DATA] DATA START (BASE-16) =====
000-015: 00 00 00 28 00 00 00 00 00 00 00 c0 00 00 00 01
016-031: 00 00 00 c0 00 00 01 01 00 00 00 c0 00 00 02 01
032-047: 00 00 00 c0 00 00 03 01 00 00 00 c0 00 00 7c 02
048-063: 00 00 00 00 00 00 00 00 00 00 00 00 00 00 00 00
064-079: 00 00 00 00 00 00 00 00 00 00 00 00 00 00 00 00
080-095: 00 00 00 00 00 00 00 00 00 00 00 00 00 00 00 00
096-111: 00 00 00 00 00 00 00 00 00 00 00 00 00 00 00 00
112-127: 00 00 00 00 00 00 00 00 00 00 00 00 00 00 00 00
128-143: 00 00 00 00 00 00 00 00 00 00 00 00 00 00 00 00
144-159: 00 00 00 00 00 00 00 00 00 00 00 00 00 00 00 00
160-175: 00 00 00 00 00 00 00 00 00 00 00 00 00 00 00 00
176-191: 00 00 00 00 00 00 00 00 00 00 00 00 00 00 00 00
192-207: 00 00 00 00 00 00 00 00 00 00 00 00 00 00 00 00
208-223: 00 00 00 00 00 00 00 00 00 00 00 00 00 00 00 00
224-239: 00 00 00 00 00 00 00 00 00 00 00 00 00 00 00 00
240-255: 00 00 00 00 00 00 00 00 00 00 00 00 00 00 00 00
256-271: 00 00 00 00 00 00 00 00 00 00 00 00 00 00 00 00
272-287: 00 00 00 00 00 00 00 00 00 00 00 00 00 00 00 00
288-303: 00 00 00 00 00 00 00 00 00 00 00 00 00 00 00 00
304-319: 00 00 00 00 00 00 00 00 00 00 00 00 00 00 00 00
320-335: 00 00 00 00 00 00 00 00 00 00 00 00 00 00 00 00
336-351: 00 00 00 00 00 00 00 00 00 00 00 00 00 00 00 00
352-367: 00 00 00 00 00 00 00 00 00 00 00 00 00 00 00 00
368-383: 00 00 00 00 00 00 00 00 00 00 00 00 00 00 00 00
384-399: 00 00 00 00 00 00 00 00 00 00 00 00 00 00 00 00
400-415: 00 00 00 00 00 00 00 00 00 00 00 00 00 00 00 00
416-431: 00 00 00 00 00 00 00 00 00 00 00 00 00 00 00 00
432-447: 00 00 00 00 00 00 00 00 00 00 00 00 00 00 00 00
448-463: 00 00 00 00 00 00 00 00 00 00 00 00 00 00 00 00
464-479: 00 00 00 00 00 00 00 00 00 00 00 00 00 00 00 00
480-495: 00 00 00 00 00 00 00 00 00 00 00 00 00 00 00 00
496-511: 00 00 00 00 00 00 00 00 00 00 00 00 00 00 00 00
512-527: 00 00 00 00 00 00 00 00 00 00 00 00 00 00 00 00
528-543: 00 00 00 00 00 00 00 00 00 00 00 00 00 00 00 00
544-559: 00 00 00 00 00 00 00 00 00 00 00 00 00 00 00 00
560-575: 00 00 00 00 00 00 00 00 00 00 00 00 00 00 00 00
576-591: 00 00 00 00 00 00 00 00 00 00 00 00 00 00 00 00
592-607: 00 00 00 00 00 00 00 00 00 00 00 00 00 00 00 00
608-623: 00 00 00 00 00 00 00 00 00 00 00 00 00 00 00 00
624-639: 00 00 00 00 00 00 00 00 00 00 00 00 00 00 00 00
640-655: 00 00 00 00 00 00 00 00 00 00 00 00 00 00 00 00
656-671: 00 00 00 00 00 00 00 00 00 00 00 00 00 00 00 00
672-687: 00 00 00 00 00 00 00 00 00 00 00 00 00 00 00 00
688-703: 00 00 00 00 00 00 00 00 00 00 00 00 00 00 00 00
704-719: 00 00 00 00 00 00 00 00 00 00 00 00 00 00 00 00
720-735: 00 00 00 00 00 00 00 00 00 00 00 00 00 00 00 00
736-751: 00 00 00 00 00 00 00 00 00 00 00 00 00 00 00 00
752-767: 00 00 00 00 00 00 00 00 00 00 00 00 00 00 00 00
768-783: 00 00 00 00 00 00 00 00 00 00 00 00 00 00 00 00
784-799: 00 00 00 00 00 00 00 00 00 00 00 00 00 00 00 00
800-815: 00 00 00 00 00 00 00 00 00 00 00 00 00 00 00 00
816-831: 00 00 00 00 00 00 00 00 00 00 00 00 00 00 00 00
832-847: 00 00 00 00 00 00 00 00 00 00 00 00 00 00 00 00
848-863: 00 00 00 00 00 00 00 00 00 00 00 00 00 00 00 00
864-879: 00 00 00 00 00 00 00 00 00 00 00 00 00 00 00 00
880-895: 00 00 00 00 00 00 00 00 00 00 00 00 00 00 00 00
896-911: 00 00 00 00 00 00 00 00 00 00 00 00 00 00 00 00
912-927: 00 00 00 00 00 00 00 00 00 00 00 00 00 00 00 00
928-943: 00 00 00 00 00 00 00 00 00 00 00 00 00 00 00 00
944-959: 00 00 00 00 00 00 00 00 00 00 00 00 00 00 00 00
960-975: 00 00 00 00 00 00 00 00 00 00 00 00 00 00 00 00
976-991: 00 00 00 00 00 00 00 00 00 00 00 00 00 00 00 00
992-1007: 00 00 00 00 00 00 00 00 00 00 00 00 00 00 00 00
1008-1023: 00 00 00 00 00 00 00 00 00 00 00 00 00 00 00 00
1024-1039: 00 00 00 00 00 00 00 00 00 00 00 00 00 00 00 00
1040-1055: 00 00 00 00 00 00 00 00 00 00 00 00 00 00 00 00
1056-1071: 00 00 00 00 00 00 00 00 00 00 00 00 00 00 00 00
1072-1087: 00 00 00 00 00 00 00 00 00 00 00 00 00 00 00 00
1088-1103: 00 00 00 00 00 00 00 00 00 00 00 00 00 00 00 00
1104-1119: 00 00 00 00 00 00 00 00 00 00 00 00 00 00 00 00
1120-1135: 00 00 00 00 00 00 00 00 00 00 00 00 00 00 00 00
1136-1151: 00 00 00 00 00 00 00 00 00 00 00 00 00 00 00 00
1152-1167: 00 00 00 00 00 00 00 00 00 00 00 00 00 00 00 00
1168-1183: 00 00 00 00 00 00 00 00 00 00 00 00 00 00 00 00
1184-1199: 00 00 00 00 00 00 00 00 00 00 00 00 00 00 00 00
1200-1215: 00 00 00 00 00 00 00 00 00 00 00 00 00 00 00 00
1216-1231: 00 00 00 00 00 00 00 00 00 00 00 00 00 00 00 00
1232-1247: 00 00 00 00 00 00 00 00 00 00 00 00 00 00 00 00
1248-1263: 00 00 00 00 00 00 00 00 00 00 00 00 00 00 00 00
1264-1279: 00 00 00 00 00 00 00 00 00 00 00 00 00 00 00 00
1280-1295: 00 00 00 00 00 00 00 00 00 00 00 00 00 00 00 00
1296-1311: 00 00 00 00 00 00 00 00 00 00 00 00 00 00 00 00
1312-1327: 00 00 00 00 00 00 00 00 00 00 00 00 00 00 00 00
1328-1343: 00 00 00 00 00 00 00 00 00 00 00 00 00 00 00 00
1344-1359: 00 00 00 00 00 00 00 00 00 00 00 00 00 00 00 00
1360-1375: 00 00 00 00 00 00 00 00 00 00 00 00 00 00 00 00
1376-1391: 00 00 00 00 00 00 00 00 00 00 00 00 00 00 00 00
1392-1407: 00 00 00 00 00 00 00 00 00 00 00 00 00 00 00 00
1408-1423: 00 00 00 00 00 00 00 00 00 00 00 00 00 00 00 00
1424-1439: 00 00 00 00 00 00 00 00 00 00 00 00 00 00 00 00
1440-1455: 00 00 00 00 00 00 00 00 00 00 00 00 00 00 00 00
1456-1471: 00 00 00 00 00 00 00 00 00 00 00 00 00 00 00 00
1472-1487: 00 00 00 00 00 00 00 00 00 00 00 00 00 00 00 00
1488-1503: 00 00 00 00 00 00 00 00 00 00 00 00 00 00 00 00
1504-1519: 00 00 00 00 00 00 00 00 00 00 00 00 00 00 00 00
1520-1535: 00 00 00 00 00 00 00 00 00 00 00 00 00 00 00 00
1536-1551: 00 00 00 00 00 00 00 00 00 00 00 00 00 00 00 00
1552-1567: 00 00 00 00 00 00 00 00 00 00 00 00 00 00 00 00
1568-1583: 00 00 00 00 00 00 00 00 00 00 00 00 00 00 00 00
1584-1599: 00 00 00 00 00 00 00 00 00 00 00 00 00 00 00 00
1600-1615: 00 00 00 00 00 00 00 00 00 00 00 00 00 00 00 00
1616-1631: 00 00 00 00 00 00 00 00 00 00 00 00 00 00 00 00
1632-1647: 00 00 00 00 00 00 00 00 00 00 00 00 00 00 00 00
1648-1663: 00 00 00 00 00 00 00 00 00 00 00 00 00 00 00 00
1664-1679: 00 00 00 00 00 00 00 00 00 00 00 00 00 00 00 00
1680-1695: 00 00 00 00 00 00 00 00 00 00 00 00 00 00 00 00
1696-1711: 00 00 00 00 00 00 00 00 00 00 00 00 00 00 00 00
1712-1727: 00 00 00 00 00 00 00 00 00 00 00 00 00 00 00 00
1728-1743: 00 00 00 00 00 00 00 00 00 00 00 00 00 00 00 00
1744-1759: 00 00 00 00 00 00 00 00 00 00 00 00 00 00 00 00
1760-1775: 00 00 00 00 00 00 00 00 00 00 00 00 00 00 00 00
1776-1791: 00 00 00 00 00 00 00 00 00 00 00 00 00 00 00 00
1792-1807: 00 00 00 00 00 00 00 00 00 00 00 00 00 00 00 00
1808-1823: 00 00 00 00 00 00 00 00 00 00 00 00 00 00 00 00
1824-1839: 00 00 00 00 00 00 00 00 00 00 00 00 00 00 00 00
1840-1855: 00 00 00 00 00 00 00 00 00 00 00 00 00 00 00 00
1856-1871: 00 00 00 00 00 00 00 00 00 00 00 00 00 00 00 00
1872-1887: 00 00 00 00 00 00 00 00 00 00 00 00 00 00 00 00
1888-1903: 00 00 00 00 00 00 00 00 00 00 00 00 00 00 00 00
1904-1919: 00 00 00 00 00 00 00 00 00 00 00 00 00 00 00 00
1920-1935: 00 00 00 00 00 00 00 00 00 00 00 00 00 00 00 00
1936-1951: 00 00 00 00 00 00 00 00 00 00 00 00 00 00 00 00
1952-1967: 00 00 00 00 00 00 00 00 00 00 00 00 00 00 00 00
1968-1983: 00 00 00 00 00 00 00 00 00 00 00 00 00 00 00 00
1984-1999: 00 00 00 00 00 00 00 00 00 00 00 00 00 00 00 00
2000-2015: 00 00 00 00 00 00 00 00 00 00 00 00 00 00 00 00
2016-2031: 00 00 00 00 00 00 00 00 00 00 00 00 00 00 00 00
2032-2047: 00 00 00 00 00 00 00 00 00 00 00 00 00 00 00 00
2048-2063: 00 00 00 00 00 00 00 00 00 00 00 00 00 00 00 00
2064-2079: 00 00 00 00 00 00 00 00 00 00 00 00 00 00 00 00
2080-2095: 00 00 00 00 00 00 00 00 00 00 00 00 00 00 00 00
2096-2111: 00 00 00 00 00 00 00 00 00 00 00 00 00 00 00 00
2112-2127: 00 00 00 00 00 00 00 00 00 00 00 00 00 00 00 00
2128-2143: 00 00 00 00 00 00 00 00 00 00 00 00 00 00 00 00
2144-2159: 00 00 00 00 00 00 00 00 00 00 00 00 00 00 00 00
2160-2175: 00 00 00 00 00 00 00 00 00 00 00 00 00 00 00 00
2176-2191: 00 00 00 00 00 00 00 00 00 00 00 00 00 00 00 00
2192-2207: 00 00 00 00 00 00 00 00 00 00 00 00 00 00 00 00
2208-2223: 00 00 00 00 00 00 00 00 00 00 00 00 00 00 00 00
2224-2239: 00 00 00 00 00 00 00 00 00 00 00 00 00 00 00 00
2240-2255: 00 00 00 00 00 00 00 00 00 00 00 00 00 00 00 00
2256-2271: 00 00 00 00 00 00 00 00 00 00 00 00 00 00 00 00
2272-2287: 00 00 00 00 00 00 00 00 00 00 00 00 00 00 00 00
2288-2303: 00 00 00 00 00 00 00 00 00 00 00 00 00 00 00 00
2304-2319: 00 00 00 00 00 00 00 00 00 00 00 00 00 00 00 00
2320-2335: 00 00 00 00 00 00 00 00 00 00 00 00 00 00 00 00
2336-2351: 00 00 00 00 00 00 00 00 00 00 00 00 00 00 00 00
2352-2367: 00 00 00 00 00 00 00 00 00 00 00 00 00 00 00 00
2368-2383: 00 00 00 00 00 00 00 00 00 00 00 00 00 00 00 00
2384-2399: 00 00 00 00 00 00 00 00 00 00 00 00 00 00 00 00
2400-2415: 00 00 00 00 00 00 00 00 00 00 00 00 00 00 00 00
2416-2431: 00 00 00 00 00 00 00 00 00 00 00 00 00 00 00 00
2432-2447: 00 00 00 00 00 00 00 00 00 00 00 00 00 00 00 00
2448-2463: 00 00 00 00 00 00 00 00 00 00 00 00 00 00 00 00
2464-2479: 00 00 00 00 00 00 00 00 00 00 00 00 00 00 00 00
2480-2495: 00 00 00 00 00 00 00 00 00 00 00 00 00 00 00 00
2496-2511: 00 00 00 00 00 00 00 00 00 00 00 00 00 00 00 00
2512-2527: 00 00 00 00 00 00 00 00 00 00 00 00 00 00 00 00
2528-2543: 00 00 00 00 00 00 00 00 00 00 00 00 00 00 00 00
2544-2559: 00 00 00 00 00 00 00 00 00 00 00 00 00 00 00 00
2560-2575: 00 00 00 00 00 00 00 00 00 00 00 00 00 00 00 00
2576-2591: 00 00 00 00 00 00 00 00 00 00 00 00 00 00 00 00
2592-2607: 00 00 00 00 00 00 00 00 00 00 00 00 00 00 00 00
2608-2623: 00 00 00 00 00 00 00 00 00 00 00 00 00 00 00 00
2624-2639: 00 00 00 00 00 00 00 00 00 00 00 00 00 00 00 00
2640-2655: 00 00 00 00 00 00 00 00 00 00 00 00 00 00 00 00
2656-2671: 00 00 00 00 00 00 00 00 00 00 00 00 00 00 00 00
2672-2687: 00 00 00 00 00 00 00 00 00 00 00 00 00 00 00 00
2688-2703: 00 00 00 00 00 00 00 00 00 00 00 00 00 00 00 00
2704-2719: 00 00 00 00 00 00 00 00 00 00 00 00 00 00 00 00
2720-2735: 00 00 00 00 00 00 00 00 00 00 00 00 00 00 00 00
2736-2751: 00 00 00 00 00 00 00 00 00 00 00 00 00 00 00 00
2752-2767: 00 00 00 00 00 00 00 00 00 00 00 00 00 00 00 00
2768-2783: 00 00 00 00 00 00 00 00 00 00 00 00 00 00 00 00
2784-2799: 00 00 00 00 00 00 00 00 00 00 00 00 00 00 00 00
2800-2815: 00 00 00 00 00 00 00 00 00 00 00 00 00 00 00 00
2816-2831: 00 00 00 00 00 00 00 00 00 00 00 00 00 00 00 00
2832-2847: 00 00 00 00 00 00 00 00 00 00 00 00 00 00 00 00
2848-2863: 00 00 00 00 00 00 00 00 00 00 00 00 00 00 00 00
2864-2879: 00 00 00 00 00 00 00 00 00 00 00 00 00 00 00 00
2880-2895: 00 00 00 00 00 00 00 00 00 00 00 00 00 00 00 00
2896-2911: 00 00 00 00 00 00 00 00 00 00 00 00 00 00 00 00
2912-2927: 00 00 00 00 00 00 00 00 00 00 00 00 00 00 00 00
2928-2943: 00 00 00 00 00 00 00 00 00 00 00 00 00 00 00 00
2944-2959: 00 00 00 00 00 00 00 00 00 00 00 00 00 00 00 00
2960-2975: 00 00 00 00 00 00 00 00 00 00 00 00 00 00 00 00
2976-2991: 00 00 00 00 00 00 00 00 00 00 00 00 00 00 00 00
2992-3007: 00 00 00 00 00 00 00 00 00 00 00 00 00 00 00 00
3008-3023: 00 00 00 00 00 00 00 00 00 00 00 00 00 00 00 00
3024-3039: 00 00 00 00 00 00 00 00 00 00 00 00 00 00 00 00
3040-3055: 00 00 00 00 00 00 00 00 00 00 00 00 00 00 00 00
3056-3071: 00 00 00 00 00 00 00 00 00 00 00 00 00 00 00 00
3072-3087: 00 00 00 00 00 00 00 00 00 00 00 00 00 00 00 00
3088-3103: 00 00 00 00 00 00 00 00 00 00 00 00 00 00 00 00
3104-3119: 00 00 00 00 00 00 00 00 00 00 00 00 00 00 00 00
3120-3135: 00 00 00 00 00 00 00 00 00 00 00 00 00 00 00 00
3136-3151: 00 00 00 00 00 00 00 00 00 00 00 00 00 00 00 00
3152-3167: 00 00 00 00 00 00 00 00 00 00 00 00 00 00 00 00
3168-3183: 00 00 00 00 00 00 00 00 00 00 00 00 00 00 00 00
3184-3199: 00 00 00 00 00 00 00 00 00 00 00 00 00 00 00 00
3200-3215: 00 00 00 00 00 00 00 00 00 00 00 00 00 00 00 00
3216-3231: 00 00 00 00 00 00 00 00 00 00 00 00 00 00 00 00
3232-3247: 00 00 00 00 00 00 00 00 00 00 00 00 00 00 00 00
3248-3263: 00 00 00 00 00 00 00 00 00 00 00 00 00 00 00 00
3264-3279: 00 00 00 00 00 00 00 00 00 00 00 00 00 00 00 00
3280-3295: 00 00 00 00 00 00 00 00 00 00 00 00 00 00 00 00
3296-3311: 00 00 00 00 00 00 00 00 00 00 00 00 00 00 00 00
3312-3327: 00 00 00 00 00 00 00 00 00 00 00 00 00 00 00 00
3328-3343: 00 00 00 00 00 00 00 00 00 00 00 00 00 00 00 00
3344-3359: 00 00 00 00 00 00 00 00 00 00 00 00 00 00 00 00
3360-3375: 00 00 00 00 00 00 00 00 00 00 00 00 00 00 00 00
3376-3391: 00 00 00 00 00 00 00 00 00 00 00 00 00 00 00 00
3392-3407: 00 00 00 00 00 00 00 00 00 00 00 00 00 00 00 00
3408-3423: 00 00 00 00 00 00 00 00 00 00 00 00 00 00 00 00
3424-3439: 00 00 00 00 00 00 00 00 00 00 00 00 00 00 00 00
3440-3455: 00 00 00 00 00 00 00 00 00 00 00 00 00 00 00 00
3456-3471: 00 00 00 00 00 00 00 00 00 00 00 00 00 00 00 00
3472-3487: 00 00 00 00 00 00 00 00 00 00 00 00 00 00 00 00
3488-3503: 00 00 00 00 00 00 00 00 00 00 00 00 00 00 00 00
3504-3519: 00 00 00 00 00 00 00 00 00 00 00 00 00 00 00 00
3520-3535: 00 00 00 00 00 00 00 00 00 00 00 00 00 00 00 00
3536-3551: 00 00 00 00 00 00 00 00 00 00 00 00 00 00 00 00
3552-3567: 00 00 00 00 00 00 00 00 00 00 00 00 00 00 00 00
3568-3583: 00 00 00 00 00 00 00 00 00 00 00 00 00 00 00 00
3584-3599: 00 00 00 00 00 00 00 00 00 00 00 00 00 00 00 00
3600-3615: 00 00 00 00 00 00 00 00 00 00 00 00 00 00 00 00
3616-3631: 00 00 00 00 00 00 00 00 00 00 00 00 00 00 00 00
3632-3647: 00 00 00 00 00 00 00 00 00 00 00 00 00 00 00 00
3648-3663: 00 00 00 00 00 00 00 00 00 00 00 00 00 00 00 00
3664-3679: 00 00 00 00 00 00 00 00 00 00 00 00 00 00 00 00
3680-3695: 00 00 00 00 00 00 00 00 00 00 00 00 00 00 00 00
3696-3711: 00 00 00 00 00 00 00 00 00 00 00 00 00 00 00 00
3712-3727: 00 00 00 00 00 00 00 00 00 00 00 00 00 00 00 00
3728-3743: 00 00 00 00 00 00 00 00 00 00 00 00 00 00 00 00
3744-3759: 00 00 00 00 00 00 00 00 00 00 00 00 00 00 00 00
3760-3775: 00 00 00 00 00 00 00 00 00 00 00 00 00 00 00 00
3776-3791: 00 00 00 00 00 00 00 00 00 00 00 00 00 00 00 00
3792-3807: 00 00 00 00 00 00 00 00 00 00 00 00 00 00 00 00
3808-3823: 00 00 00 00 00 00 00 00 00 00 00 00 00 00 00 00
3824-3839: 00 00 00 00 00 00 00 00 00 00 00 00 00 00 00 00
3840-3855: 00 00 00 00 00 00 00 00 00 00 00 00 00 00 00 00
3856-3871: 00 00 00 00 00 00 00 00 00 00 00 00 00 00 00 00
3872-3887: 00 00 00 00 00 00 00 00 00 00 00 00 00 00 00 00
3888-3903: 00 00 00 00 00 00 00 00 00 00 00 00 00 00 00 00
3904-3919: 00 00 00 00 00 00 00 00 00 00 00 00 00 00 00 00
3920-3935: 00 00 00 00 00 00 00 00 00 00 00 00 00 00 00 00
3936-3951: 00 00 00 00 00 00 00 00 00 00 00 00 00 00 00 00
3952-3967: 00 00 00 00 00 00 00 00 00 00 00 00 00 00 00 00
3968-3983: 00 00 00 00 00 00 00 00 00 00 00 00 00 00 00 00
3984-3999: 00 00 00 00 00 00 00 00 00 00 00 00 00 00 00 00
4000-4015: 00 00 00 00 00 00 00 00 00 00 00 00 00 00 00 00
4016-4031: 00 00 00 00 00 00 00 00 00 00 00 00 00 00 00 00
4032-4047: 00 00 00 00 00 00 00 00 00 00 00 00 00 00 00 00
4048-4063: 00 00 00 00 00 00 00 00 00 00 00 00 00 00 00 00
4064-4079: 00 00 00 00 00 00 00 00 00 00 00 00 00 00 00 00
4080-4095: 00 00 00 00 00 00 00 00 00 00 00 00 00 00 00 00
4096-4111: 00 00 00 00 00 00 00 00 00 00 00 00 00 00 00 00
4112-4127: 00 00 00 00 00 00 00 00 00 00 00 00 00 00 00 00
4128-4143: 00 00 00 00 00 00 00 00 00 00 00 00 00 00 00 00
4144-4159: 00 00 00 00 00 00 00 00 00 00 00 00 00 00 00 00
4160-4175: 00 00 00 00 00 00 00 00 00 00 00 00 00 00 00 00
4176-4191: 00 00 00 00 00 00 00 00 00 00 00 00 00 00 00 00
4192-4207: 00 00 00 00 00 00 00 00 00 00 00 00 00 00 00 00
4208-4223: 00 00 00 00 00 00 00 00 00 00 00 00 00 00 00 00
4224-4239: 00 00 00 00 00 00 00 00 00 00 00 00 00 00 00 00
4240-4255: 00 00 00 00 00 00 00 00 00 00 00 00 00 00 00 00
4256-4271: 00 00 00 00 00 00 00 00 00 00 00 00 00 00 00 00
4272-4287: 00 00 00 00 00 00 00 00 00 00 00 00 00 00 00 00
4288-4303: 00 00 00 00 00 00 00 00 00 00 00 00 00 00 00 00
4304-4319: 00 00 00 00 00 00 00 00 00 00 00 00 00 00 00 00
4320-4335: 00 00 00 00 00 00 00 00 00 00 00 00 00 00 00 00
4336-4351: 00 00 00 00 00 00 00 00 00 00 00 00 00 00 00 00
4352-4367: 00 00 00 00 00 00 00 00 00 00 00 00 00 00 00 00
4368-4383: 00 00 00 00 00 00 00 00 00 00 00 00 00 00 00 00
4384-4399: 00 00 00 00 00 00 00 00 00 00 00 00 00 00 00 00
4400-4415: 00 00 00 00 00 00 00 00 00 00 00 00 00 00 00 00
4416-4431: 00 00 00 00 00 00 00 00 00 00 00 00 00 00 00 00
4432-4447: 00 00 00 00 00 00 00 00 00 00 00 00 00 00 00 00
4448-4463: 00 00 00 00 00 00 00 00 00 00 00 00 00 00 00 00
4464-4479: 00 00 00 00 00 00 00 00 00 00 00 00 00 00 00 00
4480-4495: 00 00 00 00 00 00 00 00 00 00 00 00 00 00 00 00
4496-4511: 00 00 00 00 00 00 00 00 00 00 00 00 00 00 00 00
4512-4527: 00 00 00 00 00 00 00 00 00 00 00 00 00 00 00 00
4528-4543: 00 00 00 00 00 00 00 00 00 00 00 00 00 00 00 00
4544-4559: 00 00 00 00 00 00 00 00 00 00 00 00 00 00 00 00
4560-4575: 00 00 00 00 00 00 00 00 00 00 00 00 00 00 00 00
4576-4591: 00 00 00 00 00 00 00 00 00 00 00 00 00 00 00 00
4592-4607: 00 00 00 00 00 00 00 00 00 00 00 00 00 00 00 00
4608-4623: 00 00 00 00 00 00 00 00 00 00 00 00 00 00 00 00
4624-4639: 00 00 00 00 00 00 00 00 00 00 00 00 00 00 00 00
4640-4655: 00 00 00 00 00 00 00 00 00 00 00 00 00 00 00 00
4656-4671: 00 00 00 00 00 00 00 00 00 00 00 00 00 00 00 00
4672-4687: 00 00 00 00 00 00 00 00 00 00 00 00 00 00 00 00
4688-4703: 00 00 00 00 00 00 00 00 00 00 00 00 00 00 00 00
4704-4719: 00 00 00 00 00 00 00 00 00 00 00 00 00 00 00 00
4720-4735: 00 00 00 00 00 00 00 00 00 00 00 00 00 00 00 00
4736-4751: 00 00 00 00 00 00 00 00 00 00 00 00 00 00 00 00
4752-4767: 00 00 00 00 00 00 00 00 00 00 00 00 00 00 00 00
4768-4783: 00 00 00 00 00 00 00 00 00 00 00 00 00 00 00 00
4784-4799: 00 00 00 00 00 00 00 00 00 00 00 00 00 00 00 00
4800-4815: 00 00 00 00 00 00 00 00 00 00 00 00 00 00 00 00
4816-4831: 00 00 00 00 00 00 00 00 00 00 00 00 00 00 00 00
4832-4847: 00 00 00 00 00 00 00 00 00 00 00 00 00 00 00 00
4848-4863: 00 00 00 00 00 00 00 00 00 00 00 00 00 00 00 00
4864-4879: 00 00 00 00 00 00 00 00 00 00 00 00 00 00 00 00
4880-4895: 00 00 00 00 00 00 00 00 00 00 00 00 00 00 00 00
4896-4911: 00 00 00 00 00 00 00 00 00 00 00 00 00 00 00 00
4912-4927: 00 00 00 00 00 00 00 00 00 00 00 00 00 00 00 00
4928-4943: 00 00 00 00 00 00 00 00 00 00 00 00 00 00 00 00
4944-4959: 00 00 00 00 00 00 00 00 00 00 00 00 00 00 00 00
4960-4975: 00 00 00 00 00 00 00 00 00 00 00 00 00 00 00 00
4976-4991: 00 00 00 00 00 00 00 00 00 00 00 00 00 00 00 00
4992-5007: 00 00 00 00 00 00 00 00 00 00 00 00 00 00 00 00
5008-5023: 00 00 00 00 00 00 00 00 00 00 00 00 00 00 00 00
5024-5039: 00 00 00 00 00 00 00 00 00 00 00 00 00 00 00 00
5040-5055: 00 00 00 00 00 00 00 00 00 00 00 00 00 00 00 00
5056-5071: 00 00 00 00 00 00 00 00 00 00 00 00 00 00 00 00
5072-5087: 00 00 00 00 00 00 00 00 00 00 00 00 00 00 00 00
5088-5103: 00 00 00 00 00 00 00 00 00 00 00 00 00 00 00 00
5104-5119: 00 00 00 00 00 00 00 00 00 00 00 00 00 00 00 00
5120-5135: 00 00 00 00 00 00 00 00 00 00 00 00 00 00 00 00
5136-5151: 00 00 00 00 00 00 00 00 00 00 00 00 00 00 00 00
5152-5167: 00 00 00 00 00 00 00 00 00 00 00 00 00 00 00 00
5168-5183: 00 00 00 00 00 00 00 00 00 00 00 00 00 00 00 00
5184-5199: 00 00 00 00 00 00 00 00 00 00 00 00 00 00 00 00
5200-5215: 00 00 00 00 00 00 00 00 00 00 00 00 00 00 00 00
5216-5231: 00 00 00 00 00 00 00 00 00 00 00 00 00 00 00 00
5232-5247: 00 00 00 00 00 00 00 00 00 00 00 00 00 00 00 00
5248-5263: 00 00 00 00 00 00 00 00 00 00 00 00 00 00 00 00
5264-5279: 00 00 00 00 00 00 00 00 00 00 00 00 00 00 00 00
5280-5295: 00 00 00 00 00 00 00 00 00 00 00 00 00 00 00 00
5296-5311: 00 00 00 00 00 00 00 00 00 00 00 00 00 00 00 00
5312-5327: 00 00 00 00 00 00 00 00 00 00 00 00 00 00 00 00
5328-5343: 00 00 00 00 00 00 00 00 00 00 00 00 00 00 00 00
5344-5359: 00 00 00 00 00 00 00 00 00 00 00 00 00 00 00 00
5360-5375: 00 00 00 00 00 00 00 00 00 00 00 00 00 00 00 00
5376-5391: 00 00 00 00 00 00 00 00 00 00 00 00 00 00 00 00
5392-5407: 00 00 00 00 00 00 00 00 00 00 00 00 00 00 00 00
5408-5423: 00 00 00 00 00 00 00 00 00 00 00 00 00 00 00 00
5424-5439: 00 00 00 00 00 00 00 00 00 00 00 00 00 00 00 00
5440-5455: 00 00 00 00 00 00 00 00 00 00 00 00 00 00 00 00
5456-5471: 00 00 00 00 00 00 00 00 00 00 00 00 00 00 00 00
5472-5487: 00 00 00 00 00 00 00 00 00 00 00 00 00 00 00 00
5488-5503: 00 00 00 00 00 00 00 00 00 00 00 00 00 00 00 00
5504-5519: 00 00 00 00 00 00 00 00 00 00 00 00 00 00 00 00
5520-5535: 00 00 00 00 00 00 00 00 00 00 00 00 00 00 00 00
5536-5551: 00 00 00 00 00 00 00 00 00 00 00 00 00 00 00 00
5552-5567: 00 00 00 00 00 00 00 00 00 00 00 00 00 00 00 00
5568-5583: 00 00 00 00 00 00 00 00 00 00 00 00 00 00 00 00
5584-5599: 00 00 00 00 00 00 00 00 00 00 00 00 00 00 00 00
5600-5615: 00 00 00 00 00 00 00 00 00 00 00 00 00 00 00 00
5616-5631: 00 00 00 00 00 00 00 00 00 00 00 00 00 00 00 00
5632-5647: 00 00 00 00 00 00 00 00 00 00 00 00 00 00 00 00
5648-5663: 00 00 00 00 00 00 00 00 00 00 00 00 00 00 00 00
5664-5679: 00 00 00 00 00 00 00 00 00 00 00 00 00 00 00 00
5680-5695: 00 00 00 00 00 00 00 00 00 00 00 00 00 00 00 00
5696-5711: 00 00 00 00 00 00 00 00 00 00 00 00 00 00 00 00
5712-5727: 00 00 00 00 00 00 00 00 00 00 00 00 00 00 00 00
5728-5743: 00 00 00 00 00 00 00 00 00 00 00 00 00 00 00 00
5744-5759: 00 00 00 00 00 00 00 00 00 00 00 00 00 00 00 00
5760-5775: 00 00 00 00 00 00 00 00 00 00 00 00 00 00 00 00
5776-5791: 00 00 00 00 00 00 00 00 00 00 00 00 00 00 00 00
5792-5807: 00 00 00 00 00 00 00 00 00 00 00 00 00 00 00 00
5808-5823: 00 00 00 00 00 00 00 00 00 00 00 00 00 00 00 00
5824-5839: 00 00 00 00 00 00 00 00 00 00 00 00 00 00 00 00
5840-5855: 00 00 00 00 00 00 00 00 00 00 00 00 00 00 00 00
5856-5871: 00 00 00 00 00 00 00 00 00 00 00 00 00 00 00 00
5872-5887: 00 00 00 00 00 00 00 00 00 00 00 00 00 00 00 00
5888-5903: 00 00 00 00 00 00 00 00 00 00 00 00 00 00 00 00
5904-5919: 00 00 00 00 00 00 00 00 00 00 00 00 00 00 00 00
5920-5935: 00 00 00 00 00 00 00 00 00 00 00 00 00 00 00 00
5936-5951: 00 00 00 00 00 00 00 00 00 00 00 00 00 00 00 00
5952-5967: 00 00 00 00 00 00 00 00 00 00 00 00 00 00 00 00
5968-5983: 00 00 00 00 00 00 00 00 00 00 00 00 00 00 00 00
5984-5999: 00 00 00 00 00 00 00 00 00 00 00 00 00 00 00 00
6000-6015: 00 00 00 00 00 00 00 00 00 00 00 00 00 00 00 00
6016-6031: 00 00 00 00 00 00 00 00 00 00 00 00 00 00 00 00
6032-6047: 00 00 00 00 00 00 00 00 00 00 00 00 00 00 00 00
6048-6063: 00 00 00 00 00 00 00 00 00 00 00 00 00 00 00 00
6064-6079: 00 00 00 00 00 00 00 00 00 00 00 00 00 00 00 00
6080-6095: 00 00 00 00 00 00 00 00 00 00 00 00 00 00 00 00
6096-6111: 00 00 00 00 00 00 00 00 00 00 00 00 00 00 00 00
6112-6127: 00 00 00 00 00 00 00 00 00 00 00 00 00 00 00 00
6128-6143: 00 00 00 00 00 00 00 00 00 00 00 00 00 00 00 00
6144-6159: 00 00 00 00 00 00 00 00 00 00 00 00 00 00 00 00
6160-6175: 00 00 00 00 00 00 00 00 00 00 00 00 00 00 00 00
6176-6191: 00 00 00 00 00 00 00 00 00 00 00 00 00 00 00 00
6192-6207: 00 00 00 00 00 00 00 00 00 00 00 00 00 00 00 00
6208-6223: 00 00 00 00 00 00 00 00 00 00 00 00 00 00 00 00
6224-6239: 00 00 00 00 00 00 00 00 00 00 00 00 00 00 00 00
6240-6255: 00 00 00 00 00 00 00 00 00 00 00 00 00 00 00 00
6256-6271: 00 00 00 00 00 00 00 00 00 00 00 00 00 00 00 00
6272-6287: 00 00 00 00 00 00 00 00 00 00 00 00 00 00 00 00
6288-6303: 00 00 00 00 00 00 00 00 00 00 00 00 00 00 00 00
6304-6319: 00 00 00 00 00 00 00 00 00 00 00 00 00 00 00 00
6320-6335: 00 00 00 00 00 00 00 00 00 00 00 00 00 00 00 00
6336-6351: 00 00 00 00 00 00 00 00 00 00 00 00 00 00 00 00
6352-6367: 00 00 00 00 00 00 00 00 00 00 00 00 00 00 00 00
6368-6383: 00 00 00 00 00 00 00 00 00 00 00 00 00 00 00 00
6384-6399: 00 00 00 00 00 00 00 00 00 00 00 00 00 00 00 00
6400-6415: 00 00 00 00 00 00 00 00 00 00 00 00 00 00 00 00
6416-6431: 00 00 00 00 00 00 00 00 00 00 00 00 00 00 00 00
6432-6447: 00 00 00 00 00 00 00 00 00 00 00 00 00 00 00 00
6448-6463: 00 00 00 00 00 00 00 00 00 00 00 00 00 00 00 00
6464-6479: 00 00 00 00 00 00 00 00 00 00 00 00 00 00 00 00
6480-6495: 00 00 00 00 00 00 00 00 00 00 00 00 00 00 00 00
6496-6511: 00 00 00 00 00 00 00 00 00 00 00 00 00 00 00 00
6512-6527: 00 00 00 00 00 00 00 00 00 00 00 00 00 00 00 00
6528-6543: 00 00 00 00 00 00 00 00 00 00 00 00 00 00 00 00
6544-6559: 00 00 00 00 00 00 00 00 00 00 00 00 00 00 00 00
6560-6575: 00 00 00 00 00 00 00 00 00 00 00 00 00 00 00 00
6576-6591: 00 00 00 00 00 00 00 00 00 00 00 00 00 00 00 00
6592-6607: 00 00 00 00 00 00 00 00 00 00 00 00 00 00 00 00
6608-6623: 00 00 00 00 00 00 00 00 00 00 00 00 00 00 00 00
6624-6639: 00 00 00 00 00 00 00 00 00 00 00 00 00 00 00 00
6640-6655: 00 00 00 00 00 00 00 00 00 00 00 00 00 00 00 00
6656-6671: 00 00 00 00 00 00 00 00 00 00 00 00 00 00 00 00
6672-6687: 00 00 00 00 00 00 00 00 00 00 00 00 00 00 00 00
6688-6703: 00 00 00 00 00 00 00 00 00 00 00 00 00 00 00 00
6704-6719: 00 00 00 00 00 00 00 00 00 00 00 00 00 00 00 00
6720-6735: 00 00 00 00 00 00 00 00 00 00 00 00 00 00 00 00
6736-6751: 00 00 00 00 00 00 00 00 00 00 00 00 00 00 00 00
6752-6767: 00 00 00 00 00 00 00 00 00 00 00 00 00 00 00 00
6768-6783: 00 00 00 00 00 00 00 00 00 00 00 00 00 00 00 00
6784-6799: 00 00 00 00 00 00 00 00 00 00 00 00 00 00 00 00
6800-6815: 00 00 00 00 00 00 00 00 00 00 00 00 00 00 00 00
6816-6831: 00 00 00 00 00 00 00 00 00 00 00 00 00 00 00 00
6832-6847: 00 00 00 00 00 00 00 00 00 00 00 00 00 00 00 00
6848-6863: 00 00 00 00 00 00 00 00 00 00 00 00 00 00 00 00
6864-6879: 00 00 00 00 00 00 00 00 00 00 00 00 00 00 00 00
6880-6895: 00 00 00 00 00 00 00 00 00 00 00 00 00 00 00 00
6896-6911: 00 00 00 00 00 00 00 00 00 00 00 00 00 00 00 00
6912-6927: 00 00 00 00 00 00 00 00 00 00 00 00 00 00 00 00
6928-6943: 00 00 00 00 00 00 00 00 00 00 00 00 00 00 00 00
6944-6959: 00 00 00 00 00 00 00 00 00 00 00 00 00 00 00 00
6960-6975: 00 00 00 00 00 00 00 00 00 00 00 00 00 00 00 00
6976-6991: 00 00 00 00 00 00 00 00 00 00 00 00 00 00 00 00
6992-7007: 00 00 00 00 00 00 00 00 00 00 00 00 00 00 00 00
7008-7023: 00 00 00 00 00 00 00 00 00 00 00 00 00 00 00 00
7024-7039: 00 00 00 00 00 00 00 00 00 00 00 00 00 00 00 00
7040-7055: 00 00 00 00 00 00 00 00 00 00 00 00 00 00 00 00
7056-7071: 00 00 00 00 00 00 00 00 00 00 00 00 00 00 00 00
7072-7087: 00 00 00 00 00 00 00 00 00 00 00 00 00 00 00 00
7088-7103: 00 00 00 00 00 00 00 00 00 00 00 00 00 00 00 00
7104-7119: 00 00 00 00 00 00 00 00 00 00 00 00 00 00 00 00
7120-7135: 00 00 00 00 00 00 00 00 00 00 00 00 00 00 00 00
7136-7151: 00 00 00 00 00 00 00 00 00 00 00 00 00 00 00 00
7152-7167: 00 00 00 00 00 00 00 00 00 00 00 00 00 00 00 00
7168-7183: 00 00 00 00 00 00 00 00 00 00 00 00 00 00 00 00
7184-7199: 00 00 00 00 00 00 00 00 00 00 00 00 00 00 00 00
7200-7215: 00 00 00 00 00 00 00 00 00 00 00 00 00 00 00 00
7216-7231: 00 00 00 00 00 00 00 00 00 00 00 00 00 00 00 00
7232-7247: 00 00 00 00 00 00 00 00 00 00 00 00 00 00 00 00
7248-7263: 00 00 00 00 00 00 00 00 00 00 00 00 00 00 00 00
7264-7279: 00 00 00 00 00 00 00 00 00 00 00 00 00 00 00 00
7280-7295: 00 00 00 00 00 00 00 00 00 00 00 00 00 00 00 00
7296-7311: 00 00 00 00 00 00 00 00 00 00 00 00 00 00 00 00
7312-7327: 00 00 00 00 00 00 00 00 00 00 00 00 00 00 00 00
7328-7343: 00 00 00 00 00 00 00 00 00 00 00 00 00 00 00 00
7344-7359: 00 00 00 00 00 00 00 00 00 00 00 00 00 00 00 00
7360-7375: 00 00 00 00 00 00 00 00 00 00 00 00 00 00 00 00
7376-7391: 00 00 00 00 00 00 00 00 00 00 00 00 00 00 00 00
7392-7407: 00 00 00 00 00 00 00 00 00 00 00 00 00 00 00 00
7408-7423: 00 00 00 00 00 00 00 00 00 00 00 00 00 00 00 00
7424-7439: 00 00 00 00 00 00 00 00 00 00 00 00 00 00 00 00
7440-7455: 00 00 00 00 00 00 00 00 00 00 00 00 00 00 00 00
7456-7471: 00 00 00 00 00 00 00 00 00 00 00 00 00 00 00 00
7472-7487: 00 00 00 00 00 00 00 00 00 00 00 00 00 00 00 00
7488-7503: 00 00 00 00 00 00 00 00 00 00 00 00 00 00 00 00
7504-7519: 00 00 00 00 00 00 00 00 00 00 00 00 00 00 00 00
7520-7535: 00 00 00 00 00 00 00 00 00 00 00 00 00 00 00 00
7536-7551: 00 00 00 00 00 00 00 00 00 00 00 00 00 00 00 00
7552-7567: 00 00 00 00 00 00 00 00 00 00 00 00 00 00 00 00
7568-7583: 00 00 00 00 00 00 00 00 00 00 00 00 00 00 00 00
7584-7599: 00 00 00 00 00 00 00 00 00 00 00 00 00 00 00 00
7600-7615: 00 00 00 00 00 00 00 00 00 00 00 00 00 00 00 00
7616-7631: 00 00 00 00 00 00 00 00 00 00 00 00 00 00 00 00
7632-7647: 00 00 00 00 00 00 00 00 00 00 00 00 00 00 00 00
7648-7663: 00 00 00 00 00 00 00 00 00 00 00 00 00 00 00 00
7664-7679: 00 00 00 00 00 00 00 00 00 00 00 00 00 00 00 00
7680-7695: 00 00 00 00 00 00 00 00 00 00 00 00 00 00 00 00
7696-7711: 00 00 00 00 00 00 00 00 00 00 00 00 00 00 00 00
7712-7727: 00 00 00 00 00 00 00 00 00 00 00 00 00 00 00 00
7728-7743: 00 00 00 00 00 00 00 00 00 00 00 00 00 00 00 00
7744-7759: 00 00 00 00 00 00 00 00 00 00 00 00 00 00 00 00
7760-7775: 00 00 00 00 00 00 00 00 00 00 00 00 00 00 00 00
7776-7791: 00 00 00 00 00 00 00 00 00 00 00 00 00 00 00 00
7792-7807: 00 00 00 00 00 00 00 00 00 00 00 00 00 00 00 00
7808-7823: 00 00 00 00 00 00 00 00 00 00 00 00 00 00 00 00
7824-7839: 00 00 00 00 00 00 00 00 00 00 00 00 00 00 00 00
7840-7855: 00 00 00 00 00 00 00 00 00 00 00 00 00 00 00 00
7856-7871: 00 00 00 00 00 00 00 00 00 00 00 00 00 00 00 00
7872-7887: 00 00 00 00 00 00 00 00 00 00 00 00 00 00 00 00
7888-7903: 00 00 00 00 00 00 00 00 00 00 00 00 00 00 00 00
7904-7919: 00 00 00 00 00 00 00 00 00 00 00 00 00 00 00 00
7920-7935: 00 00 00 00 00 00 00 00 00 00 00 00 00 00 00 00
7936-7951: 00 00 00 00 00 00 00 00 00 00 00 00 00 00 00 00
7952-7967: 00 00 00 00 00 00 00 00 00 00 00 00 00 00 00 00
7968-7983: 00 00 00 00 00 00 00 00 00 00 00 00 00 00 00 00
7984-7999: 00 00 00 00 00 00 00 00 00 00 00 00 00 00 00 00
8000-8015: 00 00 00 00 00 00 00 00 00 00 00 00 00 00 00 00
8016-8031: 00 00 00 00 00 00 00 00 00 00 00 00 00 00 00 00
8032-8047: 00 00 00 00 00 00 00 00 00 00 00 00 00 00 00 00
8048-8063: 00 00 00 00 00 00 00 00 00 00 00 00 00 00 00 00
8064-8079: 00 00 00 00 00 00 00 00 00 00 00 00 00 00 00 00
8080-8095: 00 00 00 00 00 00 00 00 00 00 00 00 00 00 00 00
8096-8111: 00 00 00 00 00 00 00 00 00 00 00 00 00 00 00 00
8112-8127: 00 00 00 00 00 00 00 00 00 00 00 00 00 00 00 00
8128-8143: 00 00 00 00 00 00 00 00 00 00 00 00 00 00 00 00
8144-8159: 00 00 00 00 00 00 00 00 00 00 00 00 00 00 00 00
8160-8175: 00 00 00 00 00 00 00 00 00 00 00 00 00 00 00 00
8176-8191: 00 00 00 00 00 00 00 00 00 00 00 00 00 00 00 00
8192-8207: 00 00 00 00 00 00 00 00 00 00 00 00 00 00 00 00
===== [LUN DATA] DATA END (8200 Bytes) =====

  cciss_getlun(3, 0) = 0x0; scsi3addr: 00 00 00 c0 00 00 00 01
  status=0
  Incoming data, len=512 [only first 256 bytes shown]:
 00     01 00 05 0a 00 00 00 00  00 00 00 00 00 00 09 00
 10     00 00 00 00 00 00 00 00  00 00 0c 00 00 00 00 00
 20     00 00 00 00 00 00 b1 00  00 00 00 00 00 00 00 00
 30     00 00 b3 0a 00 00 00 00  00 00 00 00 00 00 b5 0a
 40     00 00 00 00 00 00 00 00  00 00 b6 0a 00 00 00 00
 50     00 00 00 00 00 00 b7 0a  00 00 00 00 00 00 00 00
 60     00 00 bb 00 00 00 00 00  00 00 00 00 00 00 be 00
 70     00 00 00 00 00 00 00 00  00 00 c3 00 00 00 00 00
 80     00 00 00 00 00 00 c7 00  00 00 00 00 00 00 00 00
 90     00 00 eb 00 00 00 00 00  00 00 00 00 00 00 f1 00
 a0     00 00 00 00 00 00 00 00  00 00 00 00 00 00 00 00
 b0     00 00 00 00 00 00 00 00  00 00 00 00 00 00 00 00
 c0     00 00 00 00 00 00 00 00  00 00 00 00 00 00 00 00
 d0     00 00 00 00 00 00 00 00  00 00 00 00 00 00 00 00
 e0     00 00 00 00 00 00 00 00  00 00 00 00 00 00 00 00
 f0     00 00 00 00 00 00 00 00  00 00 00 00 00 00 00 00
 [Duration: 0.059s]
REPORT-IOCTL: Device=/dev/sg1 Command=SMART READ ATTRIBUTE THRESHOLDS returned 0

===== [SMART READ ATTRIBUTE THRESHOLDS] DATA START (BASE-16) =====
000-015: 01 00 05 0a 00 00 00 00 00 00 00 00 00 00 09 00 |................|
016-031: 00 00 00 00 00 00 00 00 00 00 0c 00 00 00 00 00 |................|
032-047: 00 00 00 00 00 00 b1 00 00 00 00 00 00 00 00 00 |................|
048-063: 00 00 b3 0a 00 00 00 00 00 00 00 00 00 00 b5 0a |................|
064-079: 00 00 00 00 00 00 00 00 00 00 b6 0a 00 00 00 00 |................|
080-095: 00 00 00 00 00 00 b7 0a 00 00 00 00 00 00 00 00 |................|
096-111: 00 00 bb 00 00 00 00 00 00 00 00 00 00 00 be 00 |................|
112-127: 00 00 00 00 00 00 00 00 00 00 c3 00 00 00 00 00 |................|
128-143: 00 00 00 00 00 00 c7 00 00 00 00 00 00 00 00 00 |................|
144-159: 00 00 eb 00 00 00 00 00 00 00 00 00 00 00 f1 00 |................|
160-175: 00 00 00 00 00 00 00 00 00 00 00 00 00 00 00 00 |................|
176-191: 00 00 00 00 00 00 00 00 00 00 00 00 00 00 00 00 |................|
192-207: 00 00 00 00 00 00 00 00 00 00 00 00 00 00 00 00 |................|
208-223: 00 00 00 00 00 00 00 00 00 00 00 00 00 00 00 00 |................|
224-239: 00 00 00 00 00 00 00 00 00 00 00 00 00 00 00 00 |................|
240-255: 00 00 00 00 00 00 00 00 00 00 00 00 00 00 00 00 |................|
256-271: 00 00 00 00 00 00 00 00 00 00 00 00 00 00 00 00 |................|
272-287: 00 00 00 00 00 00 00 00 00 00 00 00 00 00 00 00 |................|
288-303: 00 00 00 00 00 00 00 00 00 00 00 00 00 00 00 00 |................|
304-319: 00 00 00 00 00 00 00 00 00 00 00 00 00 00 00 00 |................|
320-335: 00 00 00 00 00 00 00 00 00 00 00 00 00 00 00 00 |................|
336-351: 00 00 00 00 00 00 00 00 00 00 00 00 00 00 00 00 |................|
352-367: 00 00 00 00 00 00 00 00 00 00 00 00 00 00 00 00 |................|
368-383: 00 00 00 00 00 00 00 00 00 00 00 00 00 00 00 00 |................|
384-399: 00 00 00 00 00 00 00 00 00 00 00 00 00 00 00 00 |................|
400-415: 00 00 00 00 00 00 00 00 00 00 00 00 00 00 00 00 |................|
416-431: 00 00 00 00 00 00 00 00 00 00 00 00 00 00 00 00 |................|
432-447: 00 00 00 00 00 00 00 00 00 00 00 00 00 00 00 00 |................|
448-463: 00 00 00 00 00 00 00 00 00 00 00 00 00 00 00 00 |................|
464-479: 00 00 00 00 00 00 00 00 00 00 00 00 00 00 00 00 |................|
480-495: 00 00 00 00 00 00 00 00 00 00 00 00 00 00 00 00 |................|
496-511: 00 00 00 00 00 00 00 00 00 00 00 00 00 00 00 4e |...............N|
===== [SMART READ ATTRIBUTE THRESHOLDS] DATA END (512 Bytes) =====

=== START OF READ SMART DATA SECTION ===

REPORT-IOCTL: Device=/dev/sg1 Command=SMART STATUS CHECK
 Input:   FR=0xda, SC=...., LL=...., LM=0x4f, LH=0xc2, DEV=...., CMD=0xb0

===== [LUN DATA] DATA START (BASE-16) =====
000-015: 00 00 00 28 00 00 00 00 00 00 00 c0 00 00 00 01
016-031: 00 00 00 c0 00 00 01 01 00 00 00 c0 00 00 02 01
032-047: 00 00 00 c0 00 00 03 01 00 00 00 c0 00 00 7c 02
048-063: 00 00 00 00 00 00 00 00 00 00 00 00 00 00 00 00
064-079: 00 00 00 00 00 00 00 00 00 00 00 00 00 00 00 00
080-095: 00 00 00 00 00 00 00 00 00 00 00 00 00 00 00 00
096-111: 00 00 00 00 00 00 00 00 00 00 00 00 00 00 00 00
112-127: 00 00 00 00 00 00 00 00 00 00 00 00 00 00 00 00
128-143: 00 00 00 00 00 00 00 00 00 00 00 00 00 00 00 00
144-159: 00 00 00 00 00 00 00 00 00 00 00 00 00 00 00 00
160-175: 00 00 00 00 00 00 00 00 00 00 00 00 00 00 00 00
176-191: 00 00 00 00 00 00 00 00 00 00 00 00 00 00 00 00
192-207: 00 00 00 00 00 00 00 00 00 00 00 00 00 00 00 00
208-223: 00 00 00 00 00 00 00 00 00 00 00 00 00 00 00 00
224-239: 00 00 00 00 00 00 00 00 00 00 00 00 00 00 00 00
240-255: 00 00 00 00 00 00 00 00 00 00 00 00 00 00 00 00
256-271: 00 00 00 00 00 00 00 00 00 00 00 00 00 00 00 00
272-287: 00 00 00 00 00 00 00 00 00 00 00 00 00 00 00 00
288-303: 00 00 00 00 00 00 00 00 00 00 00 00 00 00 00 00
304-319: 00 00 00 00 00 00 00 00 00 00 00 00 00 00 00 00
320-335: 00 00 00 00 00 00 00 00 00 00 00 00 00 00 00 00
336-351: 00 00 00 00 00 00 00 00 00 00 00 00 00 00 00 00
352-367: 00 00 00 00 00 00 00 00 00 00 00 00 00 00 00 00
368-383: 00 00 00 00 00 00 00 00 00 00 00 00 00 00 00 00
384-399: 00 00 00 00 00 00 00 00 00 00 00 00 00 00 00 00
400-415: 00 00 00 00 00 00 00 00 00 00 00 00 00 00 00 00
416-431: 00 00 00 00 00 00 00 00 00 00 00 00 00 00 00 00
432-447: 00 00 00 00 00 00 00 00 00 00 00 00 00 00 00 00
448-463: 00 00 00 00 00 00 00 00 00 00 00 00 00 00 00 00
464-479: 00 00 00 00 00 00 00 00 00 00 00 00 00 00 00 00
480-495: 00 00 00 00 00 00 00 00 00 00 00 00 00 00 00 00
496-511: 00 00 00 00 00 00 00 00 00 00 00 00 00 00 00 00
512-527: 00 00 00 00 00 00 00 00 00 00 00 00 00 00 00 00
528-543: 00 00 00 00 00 00 00 00 00 00 00 00 00 00 00 00
544-559: 00 00 00 00 00 00 00 00 00 00 00 00 00 00 00 00
560-575: 00 00 00 00 00 00 00 00 00 00 00 00 00 00 00 00
576-591: 00 00 00 00 00 00 00 00 00 00 00 00 00 00 00 00
592-607: 00 00 00 00 00 00 00 00 00 00 00 00 00 00 00 00
608-623: 00 00 00 00 00 00 00 00 00 00 00 00 00 00 00 00
624-639: 00 00 00 00 00 00 00 00 00 00 00 00 00 00 00 00
640-655: 00 00 00 00 00 00 00 00 00 00 00 00 00 00 00 00
656-671: 00 00 00 00 00 00 00 00 00 00 00 00 00 00 00 00
672-687: 00 00 00 00 00 00 00 00 00 00 00 00 00 00 00 00
688-703: 00 00 00 00 00 00 00 00 00 00 00 00 00 00 00 00
704-719: 00 00 00 00 00 00 00 00 00 00 00 00 00 00 00 00
720-735: 00 00 00 00 00 00 00 00 00 00 00 00 00 00 00 00
736-751: 00 00 00 00 00 00 00 00 00 00 00 00 00 00 00 00
752-767: 00 00 00 00 00 00 00 00 00 00 00 00 00 00 00 00
768-783: 00 00 00 00 00 00 00 00 00 00 00 00 00 00 00 00
784-799: 00 00 00 00 00 00 00 00 00 00 00 00 00 00 00 00
800-815: 00 00 00 00 00 00 00 00 00 00 00 00 00 00 00 00
816-831: 00 00 00 00 00 00 00 00 00 00 00 00 00 00 00 00
832-847: 00 00 00 00 00 00 00 00 00 00 00 00 00 00 00 00
848-863: 00 00 00 00 00 00 00 00 00 00 00 00 00 00 00 00
864-879: 00 00 00 00 00 00 00 00 00 00 00 00 00 00 00 00
880-895: 00 00 00 00 00 00 00 00 00 00 00 00 00 00 00 00
896-911: 00 00 00 00 00 00 00 00 00 00 00 00 00 00 00 00
912-927: 00 00 00 00 00 00 00 00 00 00 00 00 00 00 00 00
928-943: 00 00 00 00 00 00 00 00 00 00 00 00 00 00 00 00
944-959: 00 00 00 00 00 00 00 00 00 00 00 00 00 00 00 00
960-975: 00 00 00 00 00 00 00 00 00 00 00 00 00 00 00 00
976-991: 00 00 00 00 00 00 00 00 00 00 00 00 00 00 00 00
992-1007: 00 00 00 00 00 00 00 00 00 00 00 00 00 00 00 00
1008-1023: 00 00 00 00 00 00 00 00 00 00 00 00 00 00 00 00
1024-1039: 00 00 00 00 00 00 00 00 00 00 00 00 00 00 00 00
1040-1055: 00 00 00 00 00 00 00 00 00 00 00 00 00 00 00 00
1056-1071: 00 00 00 00 00 00 00 00 00 00 00 00 00 00 00 00
1072-1087: 00 00 00 00 00 00 00 00 00 00 00 00 00 00 00 00
1088-1103: 00 00 00 00 00 00 00 00 00 00 00 00 00 00 00 00
1104-1119: 00 00 00 00 00 00 00 00 00 00 00 00 00 00 00 00
1120-1135: 00 00 00 00 00 00 00 00 00 00 00 00 00 00 00 00
1136-1151: 00 00 00 00 00 00 00 00 00 00 00 00 00 00 00 00
1152-1167: 00 00 00 00 00 00 00 00 00 00 00 00 00 00 00 00
1168-1183: 00 00 00 00 00 00 00 00 00 00 00 00 00 00 00 00
1184-1199: 00 00 00 00 00 00 00 00 00 00 00 00 00 00 00 00
1200-1215: 00 00 00 00 00 00 00 00 00 00 00 00 00 00 00 00
1216-1231: 00 00 00 00 00 00 00 00 00 00 00 00 00 00 00 00
1232-1247: 00 00 00 00 00 00 00 00 00 00 00 00 00 00 00 00
1248-1263: 00 00 00 00 00 00 00 00 00 00 00 00 00 00 00 00
1264-1279: 00 00 00 00 00 00 00 00 00 00 00 00 00 00 00 00
1280-1295: 00 00 00 00 00 00 00 00 00 00 00 00 00 00 00 00
1296-1311: 00 00 00 00 00 00 00 00 00 00 00 00 00 00 00 00
1312-1327: 00 00 00 00 00 00 00 00 00 00 00 00 00 00 00 00
1328-1343: 00 00 00 00 00 00 00 00 00 00 00 00 00 00 00 00
1344-1359: 00 00 00 00 00 00 00 00 00 00 00 00 00 00 00 00
1360-1375: 00 00 00 00 00 00 00 00 00 00 00 00 00 00 00 00
1376-1391: 00 00 00 00 00 00 00 00 00 00 00 00 00 00 00 00
1392-1407: 00 00 00 00 00 00 00 00 00 00 00 00 00 00 00 00
1408-1423: 00 00 00 00 00 00 00 00 00 00 00 00 00 00 00 00
1424-1439: 00 00 00 00 00 00 00 00 00 00 00 00 00 00 00 00
1440-1455: 00 00 00 00 00 00 00 00 00 00 00 00 00 00 00 00
1456-1471: 00 00 00 00 00 00 00 00 00 00 00 00 00 00 00 00
1472-1487: 00 00 00 00 00 00 00 00 00 00 00 00 00 00 00 00
1488-1503: 00 00 00 00 00 00 00 00 00 00 00 00 00 00 00 00
1504-1519: 00 00 00 00 00 00 00 00 00 00 00 00 00 00 00 00
1520-1535: 00 00 00 00 00 00 00 00 00 00 00 00 00 00 00 00
1536-1551: 00 00 00 00 00 00 00 00 00 00 00 00 00 00 00 00
1552-1567: 00 00 00 00 00 00 00 00 00 00 00 00 00 00 00 00
1568-1583: 00 00 00 00 00 00 00 00 00 00 00 00 00 00 00 00
1584-1599: 00 00 00 00 00 00 00 00 00 00 00 00 00 00 00 00
1600-1615: 00 00 00 00 00 00 00 00 00 00 00 00 00 00 00 00
1616-1631: 00 00 00 00 00 00 00 00 00 00 00 00 00 00 00 00
1632-1647: 00 00 00 00 00 00 00 00 00 00 00 00 00 00 00 00
1648-1663: 00 00 00 00 00 00 00 00 00 00 00 00 00 00 00 00
1664-1679: 00 00 00 00 00 00 00 00 00 00 00 00 00 00 00 00
1680-1695: 00 00 00 00 00 00 00 00 00 00 00 00 00 00 00 00
1696-1711: 00 00 00 00 00 00 00 00 00 00 00 00 00 00 00 00
1712-1727: 00 00 00 00 00 00 00 00 00 00 00 00 00 00 00 00
1728-1743: 00 00 00 00 00 00 00 00 00 00 00 00 00 00 00 00
1744-1759: 00 00 00 00 00 00 00 00 00 00 00 00 00 00 00 00
1760-1775: 00 00 00 00 00 00 00 00 00 00 00 00 00 00 00 00
1776-1791: 00 00 00 00 00 00 00 00 00 00 00 00 00 00 00 00
1792-1807: 00 00 00 00 00 00 00 00 00 00 00 00 00 00 00 00
1808-1823: 00 00 00 00 00 00 00 00 00 00 00 00 00 00 00 00
1824-1839: 00 00 00 00 00 00 00 00 00 00 00 00 00 00 00 00
1840-1855: 00 00 00 00 00 00 00 00 00 00 00 00 00 00 00 00
1856-1871: 00 00 00 00 00 00 00 00 00 00 00 00 00 00 00 00
1872-1887: 00 00 00 00 00 00 00 00 00 00 00 00 00 00 00 00
1888-1903: 00 00 00 00 00 00 00 00 00 00 00 00 00 00 00 00
1904-1919: 00 00 00 00 00 00 00 00 00 00 00 00 00 00 00 00
1920-1935: 00 00 00 00 00 00 00 00 00 00 00 00 00 00 00 00
1936-1951: 00 00 00 00 00 00 00 00 00 00 00 00 00 00 00 00
1952-1967: 00 00 00 00 00 00 00 00 00 00 00 00 00 00 00 00
1968-1983: 00 00 00 00 00 00 00 00 00 00 00 00 00 00 00 00
1984-1999: 00 00 00 00 00 00 00 00 00 00 00 00 00 00 00 00
2000-2015: 00 00 00 00 00 00 00 00 00 00 00 00 00 00 00 00
2016-2031: 00 00 00 00 00 00 00 00 00 00 00 00 00 00 00 00
2032-2047: 00 00 00 00 00 00 00 00 00 00 00 00 00 00 00 00
2048-2063: 00 00 00 00 00 00 00 00 00 00 00 00 00 00 00 00
2064-2079: 00 00 00 00 00 00 00 00 00 00 00 00 00 00 00 00
2080-2095: 00 00 00 00 00 00 00 00 00 00 00 00 00 00 00 00
2096-2111: 00 00 00 00 00 00 00 00 00 00 00 00 00 00 00 00
2112-2127: 00 00 00 00 00 00 00 00 00 00 00 00 00 00 00 00
2128-2143: 00 00 00 00 00 00 00 00 00 00 00 00 00 00 00 00
2144-2159: 00 00 00 00 00 00 00 00 00 00 00 00 00 00 00 00
2160-2175: 00 00 00 00 00 00 00 00 00 00 00 00 00 00 00 00
2176-2191: 00 00 00 00 00 00 00 00 00 00 00 00 00 00 00 00
2192-2207: 00 00 00 00 00 00 00 00 00 00 00 00 00 00 00 00
2208-2223: 00 00 00 00 00 00 00 00 00 00 00 00 00 00 00 00
2224-2239: 00 00 00 00 00 00 00 00 00 00 00 00 00 00 00 00
2240-2255: 00 00 00 00 00 00 00 00 00 00 00 00 00 00 00 00
2256-2271: 00 00 00 00 00 00 00 00 00 00 00 00 00 00 00 00
2272-2287: 00 00 00 00 00 00 00 00 00 00 00 00 00 00 00 00
2288-2303: 00 00 00 00 00 00 00 00 00 00 00 00 00 00 00 00
2304-2319: 00 00 00 00 00 00 00 00 00 00 00 00 00 00 00 00
2320-2335: 00 00 00 00 00 00 00 00 00 00 00 00 00 00 00 00
2336-2351: 00 00 00 00 00 00 00 00 00 00 00 00 00 00 00 00
2352-2367: 00 00 00 00 00 00 00 00 00 00 00 00 00 00 00 00
2368-2383: 00 00 00 00 00 00 00 00 00 00 00 00 00 00 00 00
2384-2399: 00 00 00 00 00 00 00 00 00 00 00 00 00 00 00 00
2400-2415: 00 00 00 00 00 00 00 00 00 00 00 00 00 00 00 00
2416-2431: 00 00 00 00 00 00 00 00 00 00 00 00 00 00 00 00
2432-2447: 00 00 00 00 00 00 00 00 00 00 00 00 00 00 00 00
2448-2463: 00 00 00 00 00 00 00 00 00 00 00 00 00 00 00 00
2464-2479: 00 00 00 00 00 00 00 00 00 00 00 00 00 00 00 00
2480-2495: 00 00 00 00 00 00 00 00 00 00 00 00 00 00 00 00
2496-2511: 00 00 00 00 00 00 00 00 00 00 00 00 00 00 00 00
2512-2527: 00 00 00 00 00 00 00 00 00 00 00 00 00 00 00 00
2528-2543: 00 00 00 00 00 00 00 00 00 00 00 00 00 00 00 00
2544-2559: 00 00 00 00 00 00 00 00 00 00 00 00 00 00 00 00
2560-2575: 00 00 00 00 00 00 00 00 00 00 00 00 00 00 00 00
2576-2591: 00 00 00 00 00 00 00 00 00 00 00 00 00 00 00 00
2592-2607: 00 00 00 00 00 00 00 00 00 00 00 00 00 00 00 00
2608-2623: 00 00 00 00 00 00 00 00 00 00 00 00 00 00 00 00
2624-2639: 00 00 00 00 00 00 00 00 00 00 00 00 00 00 00 00
2640-2655: 00 00 00 00 00 00 00 00 00 00 00 00 00 00 00 00
2656-2671: 00 00 00 00 00 00 00 00 00 00 00 00 00 00 00 00
2672-2687: 00 00 00 00 00 00 00 00 00 00 00 00 00 00 00 00
2688-2703: 00 00 00 00 00 00 00 00 00 00 00 00 00 00 00 00
2704-2719: 00 00 00 00 00 00 00 00 00 00 00 00 00 00 00 00
2720-2735: 00 00 00 00 00 00 00 00 00 00 00 00 00 00 00 00
2736-2751: 00 00 00 00 00 00 00 00 00 00 00 00 00 00 00 00
2752-2767: 00 00 00 00 00 00 00 00 00 00 00 00 00 00 00 00
2768-2783: 00 00 00 00 00 00 00 00 00 00 00 00 00 00 00 00
2784-2799: 00 00 00 00 00 00 00 00 00 00 00 00 00 00 00 00
2800-2815: 00 00 00 00 00 00 00 00 00 00 00 00 00 00 00 00
2816-2831: 00 00 00 00 00 00 00 00 00 00 00 00 00 00 00 00
2832-2847: 00 00 00 00 00 00 00 00 00 00 00 00 00 00 00 00
2848-2863: 00 00 00 00 00 00 00 00 00 00 00 00 00 00 00 00
2864-2879: 00 00 00 00 00 00 00 00 00 00 00 00 00 00 00 00
2880-2895: 00 00 00 00 00 00 00 00 00 00 00 00 00 00 00 00
2896-2911: 00 00 00 00 00 00 00 00 00 00 00 00 00 00 00 00
2912-2927: 00 00 00 00 00 00 00 00 00 00 00 00 00 00 00 00
2928-2943: 00 00 00 00 00 00 00 00 00 00 00 00 00 00 00 00
2944-2959: 00 00 00 00 00 00 00 00 00 00 00 00 00 00 00 00
2960-2975: 00 00 00 00 00 00 00 00 00 00 00 00 00 00 00 00
2976-2991: 00 00 00 00 00 00 00 00 00 00 00 00 00 00 00 00
2992-3007: 00 00 00 00 00 00 00 00 00 00 00 00 00 00 00 00
3008-3023: 00 00 00 00 00 00 00 00 00 00 00 00 00 00 00 00
3024-3039: 00 00 00 00 00 00 00 00 00 00 00 00 00 00 00 00
3040-3055: 00 00 00 00 00 00 00 00 00 00 00 00 00 00 00 00
3056-3071: 00 00 00 00 00 00 00 00 00 00 00 00 00 00 00 00
3072-3087: 00 00 00 00 00 00 00 00 00 00 00 00 00 00 00 00
3088-3103: 00 00 00 00 00 00 00 00 00 00 00 00 00 00 00 00
3104-3119: 00 00 00 00 00 00 00 00 00 00 00 00 00 00 00 00
3120-3135: 00 00 00 00 00 00 00 00 00 00 00 00 00 00 00 00
3136-3151: 00 00 00 00 00 00 00 00 00 00 00 00 00 00 00 00
3152-3167: 00 00 00 00 00 00 00 00 00 00 00 00 00 00 00 00
3168-3183: 00 00 00 00 00 00 00 00 00 00 00 00 00 00 00 00
3184-3199: 00 00 00 00 00 00 00 00 00 00 00 00 00 00 00 00
3200-3215: 00 00 00 00 00 00 00 00 00 00 00 00 00 00 00 00
3216-3231: 00 00 00 00 00 00 00 00 00 00 00 00 00 00 00 00
3232-3247: 00 00 00 00 00 00 00 00 00 00 00 00 00 00 00 00
3248-3263: 00 00 00 00 00 00 00 00 00 00 00 00 00 00 00 00
3264-3279: 00 00 00 00 00 00 00 00 00 00 00 00 00 00 00 00
3280-3295: 00 00 00 00 00 00 00 00 00 00 00 00 00 00 00 00
3296-3311: 00 00 00 00 00 00 00 00 00 00 00 00 00 00 00 00
3312-3327: 00 00 00 00 00 00 00 00 00 00 00 00 00 00 00 00
3328-3343: 00 00 00 00 00 00 00 00 00 00 00 00 00 00 00 00
3344-3359: 00 00 00 00 00 00 00 00 00 00 00 00 00 00 00 00
3360-3375: 00 00 00 00 00 00 00 00 00 00 00 00 00 00 00 00
3376-3391: 00 00 00 00 00 00 00 00 00 00 00 00 00 00 00 00
3392-3407: 00 00 00 00 00 00 00 00 00 00 00 00 00 00 00 00
3408-3423: 00 00 00 00 00 00 00 00 00 00 00 00 00 00 00 00
3424-3439: 00 00 00 00 00 00 00 00 00 00 00 00 00 00 00 00
3440-3455: 00 00 00 00 00 00 00 00 00 00 00 00 00 00 00 00
3456-3471: 00 00 00 00 00 00 00 00 00 00 00 00 00 00 00 00
3472-3487: 00 00 00 00 00 00 00 00 00 00 00 00 00 00 00 00
3488-3503: 00 00 00 00 00 00 00 00 00 00 00 00 00 00 00 00
3504-3519: 00 00 00 00 00 00 00 00 00 00 00 00 00 00 00 00
3520-3535: 00 00 00 00 00 00 00 00 00 00 00 00 00 00 00 00
3536-3551: 00 00 00 00 00 00 00 00 00 00 00 00 00 00 00 00
3552-3567: 00 00 00 00 00 00 00 00 00 00 00 00 00 00 00 00
3568-3583: 00 00 00 00 00 00 00 00 00 00 00 00 00 00 00 00
3584-3599: 00 00 00 00 00 00 00 00 00 00 00 00 00 00 00 00
3600-3615: 00 00 00 00 00 00 00 00 00 00 00 00 00 00 00 00
3616-3631: 00 00 00 00 00 00 00 00 00 00 00 00 00 00 00 00
3632-3647: 00 00 00 00 00 00 00 00 00 00 00 00 00 00 00 00
3648-3663: 00 00 00 00 00 00 00 00 00 00 00 00 00 00 00 00
3664-3679: 00 00 00 00 00 00 00 00 00 00 00 00 00 00 00 00
3680-3695: 00 00 00 00 00 00 00 00 00 00 00 00 00 00 00 00
3696-3711: 00 00 00 00 00 00 00 00 00 00 00 00 00 00 00 00
3712-3727: 00 00 00 00 00 00 00 00 00 00 00 00 00 00 00 00
3728-3743: 00 00 00 00 00 00 00 00 00 00 00 00 00 00 00 00
3744-3759: 00 00 00 00 00 00 00 00 00 00 00 00 00 00 00 00
3760-3775: 00 00 00 00 00 00 00 00 00 00 00 00 00 00 00 00
3776-3791: 00 00 00 00 00 00 00 00 00 00 00 00 00 00 00 00
3792-3807: 00 00 00 00 00 00 00 00 00 00 00 00 00 00 00 00
3808-3823: 00 00 00 00 00 00 00 00 00 00 00 00 00 00 00 00
3824-3839: 00 00 00 00 00 00 00 00 00 00 00 00 00 00 00 00
3840-3855: 00 00 00 00 00 00 00 00 00 00 00 00 00 00 00 00
3856-3871: 00 00 00 00 00 00 00 00 00 00 00 00 00 00 00 00
3872-3887: 00 00 00 00 00 00 00 00 00 00 00 00 00 00 00 00
3888-3903: 00 00 00 00 00 00 00 00 00 00 00 00 00 00 00 00
3904-3919: 00 00 00 00 00 00 00 00 00 00 00 00 00 00 00 00
3920-3935: 00 00 00 00 00 00 00 00 00 00 00 00 00 00 00 00
3936-3951: 00 00 00 00 00 00 00 00 00 00 00 00 00 00 00 00
3952-3967: 00 00 00 00 00 00 00 00 00 00 00 00 00 00 00 00
3968-3983: 00 00 00 00 00 00 00 00 00 00 00 00 00 00 00 00
3984-3999: 00 00 00 00 00 00 00 00 00 00 00 00 00 00 00 00
4000-4015: 00 00 00 00 00 00 00 00 00 00 00 00 00 00 00 00
4016-4031: 00 00 00 00 00 00 00 00 00 00 00 00 00 00 00 00
4032-4047: 00 00 00 00 00 00 00 00 00 00 00 00 00 00 00 00
4048-4063: 00 00 00 00 00 00 00 00 00 00 00 00 00 00 00 00
4064-4079: 00 00 00 00 00 00 00 00 00 00 00 00 00 00 00 00
4080-4095: 00 00 00 00 00 00 00 00 00 00 00 00 00 00 00 00
4096-4111: 00 00 00 00 00 00 00 00 00 00 00 00 00 00 00 00
4112-4127: 00 00 00 00 00 00 00 00 00 00 00 00 00 00 00 00
4128-4143: 00 00 00 00 00 00 00 00 00 00 00 00 00 00 00 00
4144-4159: 00 00 00 00 00 00 00 00 00 00 00 00 00 00 00 00
4160-4175: 00 00 00 00 00 00 00 00 00 00 00 00 00 00 00 00
4176-4191: 00 00 00 00 00 00 00 00 00 00 00 00 00 00 00 00
4192-4207: 00 00 00 00 00 00 00 00 00 00 00 00 00 00 00 00
4208-4223: 00 00 00 00 00 00 00 00 00 00 00 00 00 00 00 00
4224-4239: 00 00 00 00 00 00 00 00 00 00 00 00 00 00 00 00
4240-4255: 00 00 00 00 00 00 00 00 00 00 00 00 00 00 00 00
4256-4271: 00 00 00 00 00 00 00 00 00 00 00 00 00 00 00 00
4272-4287: 00 00 00 00 00 00 00 00 00 00 00 00 00 00 00 00
4288-4303: 00 00 00 00 00 00 00 00 00 00 00 00 00 00 00 00
4304-4319: 00 00 00 00 00 00 00 00 00 00 00 00 00 00 00 00
4320-4335: 00 00 00 00 00 00 00 00 00 00 00 00 00 00 00 00
4336-4351: 00 00 00 00 00 00 00 00 00 00 00 00 00 00 00 00
4352-4367: 00 00 00 00 00 00 00 00 00 00 00 00 00 00 00 00
4368-4383: 00 00 00 00 00 00 00 00 00 00 00 00 00 00 00 00
4384-4399: 00 00 00 00 00 00 00 00 00 00 00 00 00 00 00 00
4400-4415: 00 00 00 00 00 00 00 00 00 00 00 00 00 00 00 00
4416-4431: 00 00 00 00 00 00 00 00 00 00 00 00 00 00 00 00
4432-4447: 00 00 00 00 00 00 00 00 00 00 00 00 00 00 00 00
4448-4463: 00 00 00 00 00 00 00 00 00 00 00 00 00 00 00 00
4464-4479: 00 00 00 00 00 00 00 00 00 00 00 00 00 00 00 00
4480-4495: 00 00 00 00 00 00 00 00 00 00 00 00 00 00 00 00
4496-4511: 00 00 00 00 00 00 00 00 00 00 00 00 00 00 00 00
4512-4527: 00 00 00 00 00 00 00 00 00 00 00 00 00 00 00 00
4528-4543: 00 00 00 00 00 00 00 00 00 00 00 00 00 00 00 00
4544-4559: 00 00 00 00 00 00 00 00 00 00 00 00 00 00 00 00
4560-4575: 00 00 00 00 00 00 00 00 00 00 00 00 00 00 00 00
4576-4591: 00 00 00 00 00 00 00 00 00 00 00 00 00 00 00 00
4592-4607: 00 00 00 00 00 00 00 00 00 00 00 00 00 00 00 00
4608-4623: 00 00 00 00 00 00 00 00 00 00 00 00 00 00 00 00
4624-4639: 00 00 00 00 00 00 00 00 00 00 00 00 00 00 00 00
4640-4655: 00 00 00 00 00 00 00 00 00 00 00 00 00 00 00 00
4656-4671: 00 00 00 00 00 00 00 00 00 00 00 00 00 00 00 00
4672-4687: 00 00 00 00 00 00 00 00 00 00 00 00 00 00 00 00
4688-4703: 00 00 00 00 00 00 00 00 00 00 00 00 00 00 00 00
4704-4719: 00 00 00 00 00 00 00 00 00 00 00 00 00 00 00 00
4720-4735: 00 00 00 00 00 00 00 00 00 00 00 00 00 00 00 00
4736-4751: 00 00 00 00 00 00 00 00 00 00 00 00 00 00 00 00
4752-4767: 00 00 00 00 00 00 00 00 00 00 00 00 00 00 00 00
4768-4783: 00 00 00 00 00 00 00 00 00 00 00 00 00 00 00 00
4784-4799: 00 00 00 00 00 00 00 00 00 00 00 00 00 00 00 00
4800-4815: 00 00 00 00 00 00 00 00 00 00 00 00 00 00 00 00
4816-4831: 00 00 00 00 00 00 00 00 00 00 00 00 00 00 00 00
4832-4847: 00 00 00 00 00 00 00 00 00 00 00 00 00 00 00 00
4848-4863: 00 00 00 00 00 00 00 00 00 00 00 00 00 00 00 00
4864-4879: 00 00 00 00 00 00 00 00 00 00 00 00 00 00 00 00
4880-4895: 00 00 00 00 00 00 00 00 00 00 00 00 00 00 00 00
4896-4911: 00 00 00 00 00 00 00 00 00 00 00 00 00 00 00 00
4912-4927: 00 00 00 00 00 00 00 00 00 00 00 00 00 00 00 00
4928-4943: 00 00 00 00 00 00 00 00 00 00 00 00 00 00 00 00
4944-4959: 00 00 00 00 00 00 00 00 00 00 00 00 00 00 00 00
4960-4975: 00 00 00 00 00 00 00 00 00 00 00 00 00 00 00 00
4976-4991: 00 00 00 00 00 00 00 00 00 00 00 00 00 00 00 00
4992-5007: 00 00 00 00 00 00 00 00 00 00 00 00 00 00 00 00
5008-5023: 00 00 00 00 00 00 00 00 00 00 00 00 00 00 00 00
5024-5039: 00 00 00 00 00 00 00 00 00 00 00 00 00 00 00 00
5040-5055: 00 00 00 00 00 00 00 00 00 00 00 00 00 00 00 00
5056-5071: 00 00 00 00 00 00 00 00 00 00 00 00 00 00 00 00
5072-5087: 00 00 00 00 00 00 00 00 00 00 00 00 00 00 00 00
5088-5103: 00 00 00 00 00 00 00 00 00 00 00 00 00 00 00 00
5104-5119: 00 00 00 00 00 00 00 00 00 00 00 00 00 00 00 00
5120-5135: 00 00 00 00 00 00 00 00 00 00 00 00 00 00 00 00
5136-5151: 00 00 00 00 00 00 00 00 00 00 00 00 00 00 00 00
5152-5167: 00 00 00 00 00 00 00 00 00 00 00 00 00 00 00 00
5168-5183: 00 00 00 00 00 00 00 00 00 00 00 00 00 00 00 00
5184-5199: 00 00 00 00 00 00 00 00 00 00 00 00 00 00 00 00
5200-5215: 00 00 00 00 00 00 00 00 00 00 00 00 00 00 00 00
5216-5231: 00 00 00 00 00 00 00 00 00 00 00 00 00 00 00 00
5232-5247: 00 00 00 00 00 00 00 00 00 00 00 00 00 00 00 00
5248-5263: 00 00 00 00 00 00 00 00 00 00 00 00 00 00 00 00
5264-5279: 00 00 00 00 00 00 00 00 00 00 00 00 00 00 00 00
5280-5295: 00 00 00 00 00 00 00 00 00 00 00 00 00 00 00 00
5296-5311: 00 00 00 00 00 00 00 00 00 00 00 00 00 00 00 00
5312-5327: 00 00 00 00 00 00 00 00 00 00 00 00 00 00 00 00
5328-5343: 00 00 00 00 00 00 00 00 00 00 00 00 00 00 00 00
5344-5359: 00 00 00 00 00 00 00 00 00 00 00 00 00 00 00 00
5360-5375: 00 00 00 00 00 00 00 00 00 00 00 00 00 00 00 00
5376-5391: 00 00 00 00 00 00 00 00 00 00 00 00 00 00 00 00
5392-5407: 00 00 00 00 00 00 00 00 00 00 00 00 00 00 00 00
5408-5423: 00 00 00 00 00 00 00 00 00 00 00 00 00 00 00 00
5424-5439: 00 00 00 00 00 00 00 00 00 00 00 00 00 00 00 00
5440-5455: 00 00 00 00 00 00 00 00 00 00 00 00 00 00 00 00
5456-5471: 00 00 00 00 00 00 00 00 00 00 00 00 00 00 00 00
5472-5487: 00 00 00 00 00 00 00 00 00 00 00 00 00 00 00 00
5488-5503: 00 00 00 00 00 00 00 00 00 00 00 00 00 00 00 00
5504-5519: 00 00 00 00 00 00 00 00 00 00 00 00 00 00 00 00
5520-5535: 00 00 00 00 00 00 00 00 00 00 00 00 00 00 00 00
5536-5551: 00 00 00 00 00 00 00 00 00 00 00 00 00 00 00 00
5552-5567: 00 00 00 00 00 00 00 00 00 00 00 00 00 00 00 00
5568-5583: 00 00 00 00 00 00 00 00 00 00 00 00 00 00 00 00
5584-5599: 00 00 00 00 00 00 00 00 00 00 00 00 00 00 00 00
5600-5615: 00 00 00 00 00 00 00 00 00 00 00 00 00 00 00 00
5616-5631: 00 00 00 00 00 00 00 00 00 00 00 00 00 00 00 00
5632-5647: 00 00 00 00 00 00 00 00 00 00 00 00 00 00 00 00
5648-5663: 00 00 00 00 00 00 00 00 00 00 00 00 00 00 00 00
5664-5679: 00 00 00 00 00 00 00 00 00 00 00 00 00 00 00 00
5680-5695: 00 00 00 00 00 00 00 00 00 00 00 00 00 00 00 00
5696-5711: 00 00 00 00 00 00 00 00 00 00 00 00 00 00 00 00
5712-5727: 00 00 00 00 00 00 00 00 00 00 00 00 00 00 00 00
5728-5743: 00 00 00 00 00 00 00 00 00 00 00 00 00 00 00 00
5744-5759: 00 00 00 00 00 00 00 00 00 00 00 00 00 00 00 00
5760-5775: 00 00 00 00 00 00 00 00 00 00 00 00 00 00 00 00
5776-5791: 00 00 00 00 00 00 00 00 00 00 00 00 00 00 00 00
5792-5807: 00 00 00 00 00 00 00 00 00 00 00 00 00 00 00 00
5808-5823: 00 00 00 00 00 00 00 00 00 00 00 00 00 00 00 00
5824-5839: 00 00 00 00 00 00 00 00 00 00 00 00 00 00 00 00
5840-5855: 00 00 00 00 00 00 00 00 00 00 00 00 00 00 00 00
5856-5871: 00 00 00 00 00 00 00 00 00 00 00 00 00 00 00 00
5872-5887: 00 00 00 00 00 00 00 00 00 00 00 00 00 00 00 00
5888-5903: 00 00 00 00 00 00 00 00 00 00 00 00 00 00 00 00
5904-5919: 00 00 00 00 00 00 00 00 00 00 00 00 00 00 00 00
5920-5935: 00 00 00 00 00 00 00 00 00 00 00 00 00 00 00 00
5936-5951: 00 00 00 00 00 00 00 00 00 00 00 00 00 00 00 00
5952-5967: 00 00 00 00 00 00 00 00 00 00 00 00 00 00 00 00
5968-5983: 00 00 00 00 00 00 00 00 00 00 00 00 00 00 00 00
5984-5999: 00 00 00 00 00 00 00 00 00 00 00 00 00 00 00 00
6000-6015: 00 00 00 00 00 00 00 00 00 00 00 00 00 00 00 00
6016-6031: 00 00 00 00 00 00 00 00 00 00 00 00 00 00 00 00
6032-6047: 00 00 00 00 00 00 00 00 00 00 00 00 00 00 00 00
6048-6063: 00 00 00 00 00 00 00 00 00 00 00 00 00 00 00 00
6064-6079: 00 00 00 00 00 00 00 00 00 00 00 00 00 00 00 00
6080-6095: 00 00 00 00 00 00 00 00 00 00 00 00 00 00 00 00
6096-6111: 00 00 00 00 00 00 00 00 00 00 00 00 00 00 00 00
6112-6127: 00 00 00 00 00 00 00 00 00 00 00 00 00 00 00 00
6128-6143: 00 00 00 00 00 00 00 00 00 00 00 00 00 00 00 00
6144-6159: 00 00 00 00 00 00 00 00 00 00 00 00 00 00 00 00
6160-6175: 00 00 00 00 00 00 00 00 00 00 00 00 00 00 00 00
6176-6191: 00 00 00 00 00 00 00 00 00 00 00 00 00 00 00 00
6192-6207: 00 00 00 00 00 00 00 00 00 00 00 00 00 00 00 00
6208-6223: 00 00 00 00 00 00 00 00 00 00 00 00 00 00 00 00
6224-6239: 00 00 00 00 00 00 00 00 00 00 00 00 00 00 00 00
6240-6255: 00 00 00 00 00 00 00 00 00 00 00 00 00 00 00 00
6256-6271: 00 00 00 00 00 00 00 00 00 00 00 00 00 00 00 00
6272-6287: 00 00 00 00 00 00 00 00 00 00 00 00 00 00 00 00
6288-6303: 00 00 00 00 00 00 00 00 00 00 00 00 00 00 00 00
6304-6319: 00 00 00 00 00 00 00 00 00 00 00 00 00 00 00 00
6320-6335: 00 00 00 00 00 00 00 00 00 00 00 00 00 00 00 00
6336-6351: 00 00 00 00 00 00 00 00 00 00 00 00 00 00 00 00
6352-6367: 00 00 00 00 00 00 00 00 00 00 00 00 00 00 00 00
6368-6383: 00 00 00 00 00 00 00 00 00 00 00 00 00 00 00 00
6384-6399: 00 00 00 00 00 00 00 00 00 00 00 00 00 00 00 00
6400-6415: 00 00 00 00 00 00 00 00 00 00 00 00 00 00 00 00
6416-6431: 00 00 00 00 00 00 00 00 00 00 00 00 00 00 00 00
6432-6447: 00 00 00 00 00 00 00 00 00 00 00 00 00 00 00 00
6448-6463: 00 00 00 00 00 00 00 00 00 00 00 00 00 00 00 00
6464-6479: 00 00 00 00 00 00 00 00 00 00 00 00 00 00 00 00
6480-6495: 00 00 00 00 00 00 00 00 00 00 00 00 00 00 00 00
6496-6511: 00 00 00 00 00 00 00 00 00 00 00 00 00 00 00 00
6512-6527: 00 00 00 00 00 00 00 00 00 00 00 00 00 00 00 00
6528-6543: 00 00 00 00 00 00 00 00 00 00 00 00 00 00 00 00
6544-6559: 00 00 00 00 00 00 00 00 00 00 00 00 00 00 00 00
6560-6575: 00 00 00 00 00 00 00 00 00 00 00 00 00 00 00 00
6576-6591: 00 00 00 00 00 00 00 00 00 00 00 00 00 00 00 00
6592-6607: 00 00 00 00 00 00 00 00 00 00 00 00 00 00 00 00
6608-6623: 00 00 00 00 00 00 00 00 00 00 00 00 00 00 00 00
6624-6639: 00 00 00 00 00 00 00 00 00 00 00 00 00 00 00 00
6640-6655: 00 00 00 00 00 00 00 00 00 00 00 00 00 00 00 00
6656-6671: 00 00 00 00 00 00 00 00 00 00 00 00 00 00 00 00
6672-6687: 00 00 00 00 00 00 00 00 00 00 00 00 00 00 00 00
6688-6703: 00 00 00 00 00 00 00 00 00 00 00 00 00 00 00 00
6704-6719: 00 00 00 00 00 00 00 00 00 00 00 00 00 00 00 00
6720-6735: 00 00 00 00 00 00 00 00 00 00 00 00 00 00 00 00
6736-6751: 00 00 00 00 00 00 00 00 00 00 00 00 00 00 00 00
6752-6767: 00 00 00 00 00 00 00 00 00 00 00 00 00 00 00 00
6768-6783: 00 00 00 00 00 00 00 00 00 00 00 00 00 00 00 00
6784-6799: 00 00 00 00 00 00 00 00 00 00 00 00 00 00 00 00
6800-6815: 00 00 00 00 00 00 00 00 00 00 00 00 00 00 00 00
6816-6831: 00 00 00 00 00 00 00 00 00 00 00 00 00 00 00 00
6832-6847: 00 00 00 00 00 00 00 00 00 00 00 00 00 00 00 00
6848-6863: 00 00 00 00 00 00 00 00 00 00 00 00 00 00 00 00
6864-6879: 00 00 00 00 00 00 00 00 00 00 00 00 00 00 00 00
6880-6895: 00 00 00 00 00 00 00 00 00 00 00 00 00 00 00 00
6896-6911: 00 00 00 00 00 00 00 00 00 00 00 00 00 00 00 00
6912-6927: 00 00 00 00 00 00 00 00 00 00 00 00 00 00 00 00
6928-6943: 00 00 00 00 00 00 00 00 00 00 00 00 00 00 00 00
6944-6959: 00 00 00 00 00 00 00 00 00 00 00 00 00 00 00 00
6960-6975: 00 00 00 00 00 00 00 00 00 00 00 00 00 00 00 00
6976-6991: 00 00 00 00 00 00 00 00 00 00 00 00 00 00 00 00
6992-7007: 00 00 00 00 00 00 00 00 00 00 00 00 00 00 00 00
7008-7023: 00 00 00 00 00 00 00 00 00 00 00 00 00 00 00 00
7024-7039: 00 00 00 00 00 00 00 00 00 00 00 00 00 00 00 00
7040-7055: 00 00 00 00 00 00 00 00 00 00 00 00 00 00 00 00
7056-7071: 00 00 00 00 00 00 00 00 00 00 00 00 00 00 00 00
7072-7087: 00 00 00 00 00 00 00 00 00 00 00 00 00 00 00 00
7088-7103: 00 00 00 00 00 00 00 00 00 00 00 00 00 00 00 00
7104-7119: 00 00 00 00 00 00 00 00 00 00 00 00 00 00 00 00
7120-7135: 00 00 00 00 00 00 00 00 00 00 00 00 00 00 00 00
7136-7151: 00 00 00 00 00 00 00 00 00 00 00 00 00 00 00 00
7152-7167: 00 00 00 00 00 00 00 00 00 00 00 00 00 00 00 00
7168-7183: 00 00 00 00 00 00 00 00 00 00 00 00 00 00 00 00
7184-7199: 00 00 00 00 00 00 00 00 00 00 00 00 00 00 00 00
7200-7215: 00 00 00 00 00 00 00 00 00 00 00 00 00 00 00 00
7216-7231: 00 00 00 00 00 00 00 00 00 00 00 00 00 00 00 00
7232-7247: 00 00 00 00 00 00 00 00 00 00 00 00 00 00 00 00
7248-7263: 00 00 00 00 00 00 00 00 00 00 00 00 00 00 00 00
7264-7279: 00 00 00 00 00 00 00 00 00 00 00 00 00 00 00 00
7280-7295: 00 00 00 00 00 00 00 00 00 00 00 00 00 00 00 00
7296-7311: 00 00 00 00 00 00 00 00 00 00 00 00 00 00 00 00
7312-7327: 00 00 00 00 00 00 00 00 00 00 00 00 00 00 00 00
7328-7343: 00 00 00 00 00 00 00 00 00 00 00 00 00 00 00 00
7344-7359: 00 00 00 00 00 00 00 00 00 00 00 00 00 00 00 00
7360-7375: 00 00 00 00 00 00 00 00 00 00 00 00 00 00 00 00
7376-7391: 00 00 00 00 00 00 00 00 00 00 00 00 00 00 00 00
7392-7407: 00 00 00 00 00 00 00 00 00 00 00 00 00 00 00 00
7408-7423: 00 00 00 00 00 00 00 00 00 00 00 00 00 00 00 00
7424-7439: 00 00 00 00 00 00 00 00 00 00 00 00 00 00 00 00
7440-7455: 00 00 00 00 00 00 00 00 00 00 00 00 00 00 00 00
7456-7471: 00 00 00 00 00 00 00 00 00 00 00 00 00 00 00 00
7472-7487: 00 00 00 00 00 00 00 00 00 00 00 00 00 00 00 00
7488-7503: 00 00 00 00 00 00 00 00 00 00 00 00 00 00 00 00
7504-7519: 00 00 00 00 00 00 00 00 00 00 00 00 00 00 00 00
7520-7535: 00 00 00 00 00 00 00 00 00 00 00 00 00 00 00 00
7536-7551: 00 00 00 00 00 00 00 00 00 00 00 00 00 00 00 00
7552-7567: 00 00 00 00 00 00 00 00 00 00 00 00 00 00 00 00
7568-7583: 00 00 00 00 00 00 00 00 00 00 00 00 00 00 00 00
7584-7599: 00 00 00 00 00 00 00 00 00 00 00 00 00 00 00 00
7600-7615: 00 00 00 00 00 00 00 00 00 00 00 00 00 00 00 00
7616-7631: 00 00 00 00 00 00 00 00 00 00 00 00 00 00 00 00
7632-7647: 00 00 00 00 00 00 00 00 00 00 00 00 00 00 00 00
7648-7663: 00 00 00 00 00 00 00 00 00 00 00 00 00 00 00 00
7664-7679: 00 00 00 00 00 00 00 00 00 00 00 00 00 00 00 00
7680-7695: 00 00 00 00 00 00 00 00 00 00 00 00 00 00 00 00
7696-7711: 00 00 00 00 00 00 00 00 00 00 00 00 00 00 00 00
7712-7727: 00 00 00 00 00 00 00 00 00 00 00 00 00 00 00 00
7728-7743: 00 00 00 00 00 00 00 00 00 00 00 00 00 00 00 00
7744-7759: 00 00 00 00 00 00 00 00 00 00 00 00 00 00 00 00
7760-7775: 00 00 00 00 00 00 00 00 00 00 00 00 00 00 00 00
7776-7791: 00 00 00 00 00 00 00 00 00 00 00 00 00 00 00 00
7792-7807: 00 00 00 00 00 00 00 00 00 00 00 00 00 00 00 00
7808-7823: 00 00 00 00 00 00 00 00 00 00 00 00 00 00 00 00
7824-7839: 00 00 00 00 00 00 00 00 00 00 00 00 00 00 00 00
7840-7855: 00 00 00 00 00 00 00 00 00 00 00 00 00 00 00 00
7856-7871: 00 00 00 00 00 00 00 00 00 00 00 00 00 00 00 00
7872-7887: 00 00 00 00 00 00 00 00 00 00 00 00 00 00 00 00
7888-7903: 00 00 00 00 00 00 00 00 00 00 00 00 00 00 00 00
7904-7919: 00 00 00 00 00 00 00 00 00 00 00 00 00 00 00 00
7920-7935: 00 00 00 00 00 00 00 00 00 00 00 00 00 00 00 00
7936-7951: 00 00 00 00 00 00 00 00 00 00 00 00 00 00 00 00
7952-7967: 00 00 00 00 00 00 00 00 00 00 00 00 00 00 00 00
7968-7983: 00 00 00 00 00 00 00 00 00 00 00 00 00 00 00 00
7984-7999: 00 00 00 00 00 00 00 00 00 00 00 00 00 00 00 00
8000-8015: 00 00 00 00 00 00 00 00 00 00 00 00 00 00 00 00
8016-8031: 00 00 00 00 00 00 00 00 00 00 00 00 00 00 00 00
8032-8047: 00 00 00 00 00 00 00 00 00 00 00 00 00 00 00 00
8048-8063: 00 00 00 00 00 00 00 00 00 00 00 00 00 00 00 00
8064-8079: 00 00 00 00 00 00 00 00 00 00 00 00 00 00 00 00
8080-8095: 00 00 00 00 00 00 00 00 00 00 00 00 00 00 00 00
8096-8111: 00 00 00 00 00 00 00 00 00 00 00 00 00 00 00 00
8112-8127: 00 00 00 00 00 00 00 00 00 00 00 00 00 00 00 00
8128-8143: 00 00 00 00 00 00 00 00 00 00 00 00 00 00 00 00
8144-8159: 00 00 00 00 00 00 00 00 00 00 00 00 00 00 00 00
8160-8175: 00 00 00 00 00 00 00 00 00 00 00 00 00 00 00 00
8176-8191: 00 00 00 00 00 00 00 00 00 00 00 00 00 00 00 00
8192-8207: 00 00 00 00 00 00 00 00 00 00 00 00 00 00 00 00
===== [LUN DATA] DATA END (8200 Bytes) =====

  cciss_getlun(3, 0) = 0x0; scsi3addr: 00 00 00 c0 00 00 00 01
  status=0
 [Duration: 0.054s]
REPORT-IOCTL: Device=/dev/sg1 Command=SMART STATUS CHECK returned -1 errno=38 [Incomplete response, ATA output registers missing]
SMART Status not supported: Incomplete response, ATA output registers missing
SMART overall-health self-assessment test result: PASSED
Warning: This result is based on an Attribute check.

